"Ticker","Date","Announced","AEPS","EEPS"
"AAPL","10-26-16","After",1.67,1.656
"AAPL","2-1-17","After",3.36,3.219
"AAPL","5-3-17","After",2.1,2.0604
"AAPL","8-2-17","After",1.67,1.6069
"AAPL","11-3-17","After",2.07,1.8986
"AAPL","2-2-18","After",3.89,3.8394
"AAPL","5-2-18","After",2.73,2.7295
"AAPL","8-1-18","After",2.34,2.2275
"AAPL","11-2-18","After",2.91,2.8383
"AAPL","1-30-19","After",4.18,4.195
"AAPL","5-1-19","After",2.46,2.4602
"AAPL","7-31-19","After",2.18,2.1717
"AAPL","10-31-19","After",3.03,2.8906
"AAPL","1-29-20","After",4.99,4.5997
"AAPL","5-1-20","After",2.55,2.089
"AAPL","7-31-20","After",2.58,2.025
"AAPL","10-30-20","After",0.73,0.691
"AAPL","1-28-21","After",1.68,1.406
"AAPL","4-29-21","After",1.4,0.998
"AAPL","7-28-21","After",1.3,1.001
"ADBE","12-16-16","After",0.9,0.718
"ADBE","3-17-17","After",0.94,0.718
"ADBE","6-21-17","After",1.02,0.9623
"ADBE","9-20-17","After",1.1,1.0327
"ADBE","12-15-17","After",1.26,1.1829
"ADBE","3-16-18","After",1.55,1.4722
"ADBE","6-15-18","After",1.66,1.5898
"ADBE","9-14-18","After",1.73,1.737
"ADBE","12-14-18","After",1.83,1.9182
"ADBE","3-15-19","After",1.71,1.6617
"ADBE","6-19-19","After",1.83,1.8219
"ADBE","9-18-19","After",2.05,2.0011
"ADBE","12-13-19","After",2.29,2.2917
"ADBE","3-13-20","After",2.27,2.2553
"ADBE","6-12-20","After",2.45,1.903
"ADBE","9-16-20","After",2.57,1.97
"ADBE","12-11-20","Before",2.81,2.201
"ADBE","3-24-21","After",3.14,2.31
"ADBE","6-18-21","After",3.03,2.354
"ADBE","9-22-21","After",3.11,2.518
"ADI","11-23-16","Before",1.05,0.895
"ADI","2-16-17","Before",0.94,0.733
"ADI","6-1-17","Before",1.03,0.9065
"ADI","8-31-17","Before",1.26,1.1902
"ADI","11-22-17","Before",1.45,1.3985
"ADI","3-1-18","Before",1.42,1.3351
"ADI","5-31-18","Before",1.45,1.4092
"ADI","8-23-18","Before",1.53,1.4953
"ADI","11-21-18","Before",1.55,1.5649
"ADI","2-21-19","Before",1.33,1.3028
"ADI","5-23-19","Before",1.36,1.3383
"ADI","8-22-19","Before",1.26,1.2621
"ADI","11-27-19","Before",1.19,1.2635
"ADI","2-20-20","Before",1.03,1.0344
"ADI","5-21-20","Before",1.08,1.047
"ADI","8-20-20","Before",1.36,1.326
"ADI","11-25-20","Before",1.44,1.323
"ADI","2-18-21","Before",1.44,1.321
"ADI","5-20-21","Before",1.54,1.451
"ADI","8-19-21","Before",1.72,1.612
"ADP","11-3-16","Before",0.86,0.766
"ADP","2-2-17","Before",0.87,0.81
"ADP","5-4-17","Before",1.31,0.7382
"ADP","7-28-17","Before",0.66,0.6943
"ADP","11-3-17","Before",0.91,0.8634
"ADP","2-1-18","Before",0.99,0.9081
"ADP","5-3-18","Before",1.45,1.4639
"ADP","8-2-18","Before",0.92,0.9223
"ADP","11-1-18","Before",1.2,1.1252
"ADP","1-31-19","Before",1.34,1.1909
"ADP","5-2-19","Before",1.77,1.7134
"ADP","8-1-19","Before",1.14,1.1568
"ADP","10-31-19","Before",1.34,1.3584
"ADP","1-30-20","Before",1.52,1.4607
"ADP","4-30-20","Before",1.92,1.915
"ADP","7-30-20","Before",1.14,0.964
"ADP","10-29-20","Before",1.4,0.966
"ADP","1-28-21","Before",1.52,1.289
"ADP","4-29-21","Before",1.89,1.825
"ADP","7-29-21","Before",1.2,1.132
"ADSK","11-30-16","After",-0.18,-0.419
"ADSK","3-3-17","After",-0.28,-0.485
"ADSK","5-19-17","After",-0.1,-0.2332
"ADSK","8-25-17","After",-0.11,-0.1207
"ADSK","11-29-17","After",-0.12,-0.1003
"ADSK","3-7-18","After",-0.09,-0.0915
"ADSK","5-25-18","After",0.06,0.0589
"ADSK","8-24-18","After",0.19,0.1722
"ADSK","11-21-18","After",0.29,0.2741
"ADSK","3-1-19","After",0.46,0.4381
"ADSK","5-24-19","After",0.45,0.49
"ADSK","8-28-19","After",0.65,0.6164
"ADSK","11-27-19","After",0.78,0.7373
"ADSK","2-28-20","After",0.92,0.9223
"ADSK","5-28-20","After",0.85,0.463
"ADSK","8-26-20","After",0.98,0.544
"ADSK","11-25-20","After",1.04,0.562
"ADSK","2-26-21","After",1.18,0.647
"ADSK","5-28-21","After",1.03,0.518
"ADSK","8-26-21","After",1.21,0.563
"AEP","11-2-16","Before",1.3,1.229
"AEP","1-27-17","Before",0.67,0.55
"AEP","4-28-17","Before",0.96,0.9963
"AEP","7-28-17","Before",0.75,0.8304
"AEP","10-27-17","Before",1.1,1.231
"AEP","1-26-18","Before",0.85,0.8061
"AEP","4-27-18","Before",0.96,0.9994
"AEP","7-26-18","Before",1.01,0.891
"AEP","10-26-18","Before",1.26,1.2357
"AEP","1-25-19","Before",0.72,0.7251
"AEP","4-26-19","Before",1.19,1.1001
"AEP","7-26-19","Before",1,1.0007
"AEP","10-25-19","Before",1.46,1.325
"AEP","2-21-20","Before",0.6,0.6158
"AEP","5-7-20","Before",1.02,1.087
"AEP","8-7-20","Before",1.08,1.055
"AEP","10-23-20","Before",1.47,1.456
"AEP","2-26-21","Before",0.87,0.787
"AEP","4-23-21","Before",1.15,1.227
"AEP","7-23-21","Before",1.18,1.144
"ALGN","11-8-16","After",0.63,0.514
"ALGN","2-1-17","After",0.59,0.665
"ALGN","4-28-17","After",0.85,0.6641
"ALGN","7-28-17","After",0.85,0.7701
"ALGN","10-27-17","After",1.01,0.8495
"ALGN","1-31-18","After",0.13,1.0248
"ALGN","4-26-18","After",1.17,1.0729
"ALGN","7-26-18","After",1.3,1.1716
"ALGN","10-25-18","After",1.24,1.2793
"ALGN","1-30-19","After",1.2,1.2173
"ALGN","4-25-19","After",0.89,0.8694
"ALGN","7-25-19","After",1.83,1.532
"ALGN","10-24-19","After",1.28,1.1909
"ALGN","1-30-20","After",1.53,1.4185
"ALGN","4-30-20","After",0.73,0.963
"ALGN","7-23-20","After",-0.35,-0.285
"ALGN","10-22-20","After",2.25,0.23
"ALGN","2-4-21","After",2.61,1.77
"ALGN","4-29-21","After",2.49,1.722
"ALGN","7-29-21","After",3.04,2.133
"AMAT","11-18-16","After",0.66,0.655
"AMAT","2-16-17","After",0.67,0.657
"AMAT","5-19-17","After",0.79,0.7779
"AMAT","8-18-17","After",0.86,0.8445
"AMAT","11-17-17","After",0.93,0.9223
"AMAT","2-15-18","After",1.06,0.9955
"AMAT","5-18-18","After",1.22,1.1603
"AMAT","8-17-18","After",1.2,1.1996
"AMAT","11-16-18","After",0.97,1.0063
"AMAT","2-15-19","After",0.81,0.8199
"AMAT","5-17-19","After",0.7,0.7038
"AMAT","8-16-19","After",0.74,0.7441
"AMAT","11-15-19","After",0.8,0.7843
"AMAT","2-13-20","After",0.98,0.9404
"AMAT","5-15-20","After",0.89,0.909
"AMAT","8-14-20","After",1.06,0.948
"AMAT","11-13-20","After",1.25,1.168
"AMAT","2-19-21","After",1.39,1.274
"AMAT","5-21-21","After",1.63,1.508
"AMAT","8-20-21","After",1.9,1.763
"AMD","10-21-16","After",0.03,-0.015
"AMD","2-1-17","After",-0.01,-0.037
"AMD","5-2-17","After",-0.04,-0.0196
"AMD","7-26-17","After",0.02,0.0067
"AMD","10-25-17","After",0.1,0.0898
"AMD","1-31-18","After",0.08,0.0736
"AMD","4-26-18","After",0.11,0.097
"AMD","7-26-18","After",0.14,0.1379
"AMD","10-25-18","After",0.13,0.1488
"AMD","1-30-19","After",0.08,0.0989
"AMD","5-1-19","After",0.06,0.0696
"AMD","7-31-19","After",0.08,0.0948
"AMD","10-30-19","After",0.18,0.1935
"AMD","1-29-20","After",0.32,0.3162
"AMD","4-29-20","After",0.18,0.137
"AMD","7-29-20","After",0.18,0.117
"AMD","10-28-20","Before",0.41,0.315
"AMD","1-27-21","After",0.52,0.414
"AMD","4-28-21","After",0.52,0.381
"AMD","7-28-21","After",0.63,0.48
"AMGN","10-28-16","After",3.02,2.794
"AMGN","2-3-17","After",2.89,2.772
"AMGN","4-27-17","After",3.15,2.995
"AMGN","7-26-17","After",3.27,3.1192
"AMGN","10-26-17","After",3.27,3.1648
"AMGN","2-2-18","After",2.89,3.1165
"AMGN","4-25-18","After",3.47,3.2548
"AMGN","7-27-18","After",3.83,3.5849
"AMGN","10-31-18","After",3.69,3.5415
"AMGN","1-30-19","After",3.42,3.3507
"AMGN","5-1-19","After",3.56,3.4786
"AMGN","7-31-19","After",3.97,3.6099
"AMGN","10-30-19","After",3.66,3.6588
"AMGN","1-31-20","After",3.64,3.5609
"AMGN","5-1-20","After",4.17,3.696
"AMGN","7-29-20","After",4.25,3.81
"AMGN","10-29-20","After",4.37,3.746
"AMGN","2-3-21","After",3.81,3.359
"AMGN","4-28-21","After",3.7,4.003
"AMGN","8-4-21","After",4.38,4.128
"AMZN","10-28-16","After",0.52,0.853
"AMZN","2-3-17","After",1.54,1.414
"AMZN","4-28-17","After",1.48,1.1349
"AMZN","7-28-17","After",0.4,1.4955
"AMZN","10-27-17","After",0.52,0.1089
"AMZN","2-2-18","After",3.75,1.9358
"AMZN","4-27-18","After",3.27,1.3563
"AMZN","7-27-18","After",5.07,2.6709
"AMZN","10-26-18","After",5.75,3.7767
"AMZN","2-1-19","After",6.04,5.8122
"AMZN","4-26-19","After",7.09,4.907
"AMZN","7-26-19","After",5.22,6.009
"AMZN","10-25-19","After",4.23,4.8754
"AMZN","1-31-20","After",6.47,4.4394
"AMZN","5-1-20","After",5.01,6.359
"AMZN","7-31-20","After",10.3,1.743
"AMZN","10-30-20","After",12.37,7.297
"AMZN","2-3-21","After",14.09,7.049
"AMZN","4-30-21","After",15.79,9.748
"AMZN","7-30-21","After",15.12,12.217
"ANSS","11-4-16","Before",0.95,0.853
"ANSS","2-23-17","After",0.98,0.898
"ANSS","5-4-17","After",0.89,0.9106
"ANSS","8-3-17","After",0.99,0.9129
"ANSS","11-2-17","After",1.05,0.9966
"ANSS","2-22-18","After",1.07,1.073
"ANSS","5-3-18","After",1.22,1.0556
"ANSS","8-7-18","After",1.35,1.1755
"ANSS","11-8-18","After",1.31,1.1375
"ANSS","2-28-19","After",1.39,1.5605
"ANSS","5-2-19","After",1.29,1.2852
"ANSS","8-6-19","After",1.61,1.342
"ANSS","11-7-19","After",1.42,1.3587
"ANSS","2-27-20","After",2.24,1.9836
"ANSS","5-7-20","After",0.83,0.508
"ANSS","8-6-20","After",1.55,0.885
"ANSS","11-5-20","After",1.36,0.97
"ANSS","2-25-21","After",2.96,2.167
"ANSS","5-6-21","After",1.12,0.456
"ANSS","8-5-21","After",1.85,1.125
"ASML","10-20-16","Before",1.023,1.068
"ASML","1-19-17","Before",1.303,1.063
"ASML","4-20-17","Before",1.126,0.988
"ASML","7-20-17","Before",1.245,1.0552
"ASML","10-19-17","Before",1.528,1.3086
"ASML","1-18-18","Before",1.5,1.3035
"ASML","4-19-18","Before",1.26,1.5543
"ASML","7-19-18","Before",1.5976,1.4407
"ASML","10-18-18","Before",1.852,1.9252
"ASML","1-24-19","Before",2.113,2.0551
"ASML","4-18-19","Before",0.9476,0.6503
"ASML","7-18-19","Before",1.2668,1.1133
"ASML","10-17-19","Before",1.6439,1.6616
"ASML","1-23-20","NaN",2.9921,2.9632
"ASML","4-16-20","Before",1.0214,1.5541
"ASML","7-16-20","NaN",2.0411,1.89
"ASML","10-15-20","Before",2.9711,2.58
"ASML","1-21-21","Before",3.9174,2.91
"ASML","4-22-21","Before",3.8635,3.08
"ASML","7-22-21","Before",2.9687,2.89
"ATVI","11-4-16","After",0.49,0.392
"ATVI","2-10-17","After",0.65,0.722
"ATVI","5-5-17","After",0.72,0.3798
"ATVI","8-4-17","After",0.55,0.3561
"ATVI","11-3-17","After",0.47,0.5399
"ATVI","2-9-18","After",0.49,0.9632
"ATVI","5-4-18","NaN",0.78,0.4003
"ATVI","8-3-18","After",0.62,0.3936
"ATVI","11-9-18","After",0.42,0.5513
"ATVI","2-13-19","After",0.9,1.2788
"ATVI","5-3-19","After",0.78,0.3265
"ATVI","8-9-19","After",0.53,0.2945
"ATVI","11-8-19","After",0.38,0.3251
"ATVI","2-7-20","After",0.62,1.2173
"ATVI","5-6-20","After",0.76,0.329
"ATVI","8-5-20","After",0.81,0.63
"ATVI","10-30-20","After",0.78,0.589
"ATVI","2-5-21","After",0.76,1.1
"ATVI","5-5-21","After",0.98,0.645
"ATVI","8-4-21","After",1.2,0.688
"AVGO","12-9-16","After",3.47,2.889
"AVGO","3-2-17","After",3.63,3.02
"AVGO","6-2-17","After",3.69,3.5475
"AVGO","8-25-17","After",4.1,4.0903
"AVGO","12-7-17","After",4.59,4.5652
"AVGO","3-16-18","After",5.12,5.0812
"AVGO","6-8-18","After",4.88,4.8238
"AVGO","9-7-18","After",4.98,4.891
"AVGO","12-7-18","After",5.85,5.5797
"AVGO","3-15-19","After",5.55,5.2968
"AVGO","6-14-19","After",5.21,5.2663
"AVGO","9-13-19","After",5.16,5.1706
"AVGO","12-13-19","After",5.39,5.4517
"AVGO","3-13-20","After",5.25,5.3952
"AVGO","6-5-20","After",5.14,4.088
"AVGO","9-4-20","After",5.4,4.28
"AVGO","12-11-20","After",6.35,5.323
"AVGO","3-5-21","After",6.61,5.638
"AVGO","6-4-21","After",6.62,5.425
"AVGO","9-3-21","After",6.96,6.007
"BIDU","10-28-16","After",1.462,0.873
"BIDU","2-24-17","After",1.927,0.925
"BIDU","4-28-17","After",0.993,0.9103
"BIDU","7-28-17","After",2.373,1.4616
"BIDU","10-27-17","After",3.917,2.2849
"BIDU","2-14-18","After",15,2.2844
"BIDU","4-27-18","After",16,1.8491
"BIDU","8-1-18","After",-1,2.7612
"BIDU","10-31-18","After",-1,2.8355
"BIDU","2-22-19","After",-1,1.8045
"BIDU","5-17-19","After",-1,0.7107
"BIDU","8-20-19","After",-1,1.1471
"BIDU","11-7-19","After",-1,1.4619
"BIDU","2-28-20","After",-1,2.3819
"BIDU","5-19-20","After",-1,0.18
"BIDU","8-14-20","After",-1,0.81
"BIDU","11-17-20","After",-1,0.99
"BIDU","2-18-21","After",-1,1.75
"BIDU","5-19-21","Before",-1,0.68
"BIDU","8-13-21","Before",-1,1.175
"BIIB","10-27-16","Before",5.19,5
"BIIB","1-27-17","Before",5.04,4.97
"BIIB","4-26-17","Before",5.2,4.974
"BIIB","7-26-17","Before",5.04,4.5918
"BIIB","10-25-17","Before",6.31,5.7497
"BIIB","1-26-18","Before",5.26,5.5806
"BIIB","4-25-18","Before",6.05,5.9443
"BIIB","7-25-18","Before",5.8,5.3473
"BIIB","10-24-18","Before",7.4,6.8801
"BIIB","1-30-19","Before",6.99,6.8311
"BIIB","4-25-19","Before",6.98,6.9409
"BIIB","7-24-19","Before",9.15,7.5405
"BIIB","10-23-19","Before",9.17,8.5124
"BIIB","1-31-20","Before",8.34,8.2745
"BIIB","4-23-20","Before",9.14,7.743
"BIIB","7-23-20","Before",10.26,7.992
"BIIB","10-22-20","Before",8.84,8.058
"BIIB","2-4-21","Before",4.58,4.927
"BIIB","4-23-21","Before",5.34,5.059
"BIIB","7-23-21","Before",2.99,4.571
"BKNG","2-28-18","After",16.86,14.4317
"BKNG","5-10-18","After",12,11.1408
"BKNG","8-10-18","Before",20.67,17.7385
"BKNG","11-6-18","After",37.02,39.081
"BKNG","2-28-19","After",22.49,19.7007
"BKNG","5-10-19","After",16.85,11.7872
"BKNG","8-8-19","After",23.59,23.0354
"BKNG","11-8-19","After",45.54,44.7028
"BKNG","2-27-20","After",23.3,22.452
"BKNG","5-8-20","After",-17.01,5.469
"BKNG","8-7-20","After",2.97,-11.825
"BKNG","11-6-20","After",19.49,15.976
"BKNG","2-25-21","After",-0.57,-4.055
"BKNG","5-6-21","After",-1.34,-7.258
"BKNG","8-5-21","After",-4.08,-2.693
"CDNS","10-25-16","After",0.3,0.183
"CDNS","2-2-17","After",0.34,0.203
"CDNS","4-25-17","After",0.32,0.207
"CDNS","7-25-17","After",0.34,0.3364
"CDNS","10-27-17","After",0.35,0.3474
"CDNS","2-1-18","After",0.39,0.4006
"CDNS","4-24-18","After",0.44,0.3863
"CDNS","7-24-18","After",0.44,0.4112
"CDNS","10-23-18","After",0.49,0.4445
"CDNS","2-20-19","After",0.52,0.5116
"CDNS","4-23-19","After",0.54,0.5239
"CDNS","7-23-19","After",0.57,0.5533
"CDNS","10-22-19","After",0.54,0.5406
"CDNS","2-13-20","After",0.54,0.5496
"CDNS","4-21-20","After",0.6,0.325
"CDNS","7-21-20","After",0.66,0.305
"CDNS","10-20-20","After",0.7,0.495
"CDNS","2-23-21","After",0.83,0.51
"CDNS","4-27-21","After",0.83,0.535
"CDNS","7-27-21","After",0.86,0.593
"CDW","11-3-16","Before",0.97,0.85
"CDW","2-8-17","Before",0.86,0.756
"CDW","5-4-17","Before",0.75,1.0576
"CDW","8-4-17","Before",1.03,1.0269
"CDW","11-2-17","Before",1.08,1.0503
"CDW","2-8-18","Before",0.99,0.9885
"CDW","5-3-18","Before",1.05,0.9253
"CDW","8-3-18","Before",1.38,1.3077
"CDW","11-1-18","Before",1.42,1.3811
"CDW","2-8-19","Before",1.32,1.2336
"CDW","5-2-19","Before",1.24,1.1554
"CDW","8-1-19","Before",1.6,1.5626
"CDW","11-1-19","Before",1.7,1.6222
"CDW","2-7-20","Before",1.57,1.5176
"CDW","5-7-20","Before",1.38,1.337
"CDW","8-6-20","Before",1.56,1.28
"CDW","11-3-20","Before",1.83,1.435
"CDW","2-11-21","Before",1.82,1.475
"CDW","5-6-21","Before",1.74,1.488
"CDW","8-5-21","Before",2.02,1.69
"CERN","11-2-16","After",0.59,0.562
"CERN","2-10-17","After",0.61,0.568
"CERN","4-28-17","After",0.59,0.5837
"CERN","7-28-17","After",0.61,0.6196
"CERN","10-27-17","After",0.61,0.6281
"CERN","2-7-18","After",0.58,0.6191
"CERN","5-3-18","After",0.58,0.5877
"CERN","8-3-18","After",0.62,0.6034
"CERN","10-26-18","After",0.63,0.629
"CERN","2-6-19","After",0.63,0.6406
"CERN","4-26-19","After",0.61,0.6211
"CERN","7-25-19","After",0.66,0.6453
"CERN","10-25-19","After",0.66,0.6675
"CERN","2-5-20","After",0.75,0.7409
"CERN","4-29-20","After",0.71,0.596
"CERN","7-30-20","After",0.63,0.533
"CERN","10-29-20","NaN",0.72,0.623
"CERN","2-11-21","After",0.78,0.692
"CERN","5-6-21","Before",0.76,0.635
"CERN","8-2-21","Before",0.8,0.646
"CHKP","11-1-16","Before",1.13,0.969
"CHKP","1-20-17","Before",1.46,1.146
"CHKP","4-28-17","Before",1.2,1.2131
"CHKP","7-21-17","Before",1.26,1.2446
"CHKP","11-1-17","After",1.3,1.2766
"CHKP","2-1-18","Before",1.58,1.5503
"CHKP","4-26-18","Before",1.3,1.3201
"CHKP","7-26-18","Before",1.37,1.3454
"CHKP","10-25-18","Before",1.38,1.3924
"CHKP","1-31-19","Before",1.68,1.6704
"CHKP","4-22-19","Before",1.32,1.3499
"CHKP","7-25-19","Before",1.38,1.3968
"CHKP","10-29-19","Before",1.44,1.411
"CHKP","2-4-20","Before",2.02,2.0094
"CHKP","4-28-20","Before",1.42,1.228
"CHKP","7-23-20","Before",1.58,1.262
"CHKP","10-23-20","Before",1.64,1.351
"CHKP","2-4-21","Before",2.17,1.904
"CHKP","4-27-21","Before",1.54,1.334
"CHKP","7-27-21","Before",1.61,1.377
"CHTR","11-4-16","Before",0.69,0.618
"CHTR","2-17-17","Before",1.67,1.056
"CHTR","5-3-17","Before",0.57,1.0507
"CHTR","7-28-17","Before",0.52,0.8479
"CHTR","10-27-17","Before",0.19,1.0645
"CHTR","2-5-18","Before",34.56,0.726
"CHTR","4-30-18","Before",0.7,0.4712
"CHTR","8-1-18","Before",1.15,1.0348
"CHTR","10-29-18","Before",2.11,1.1261
"CHTR","2-1-19","Before",1.29,1.5748
"CHTR","5-1-19","Before",1.11,1.3177
"CHTR","7-29-19","Before",1.39,1.7997
"CHTR","10-28-19","Before",1.74,1.6577
"CHTR","2-3-20","Before",3.28,2.4948
"CHTR","5-4-20","Before",1.86,2.707
"CHTR","8-3-20","Before",3.63,2.526
"CHTR","11-2-20","Before",3.9,3.048
"CHTR","2-1-21","Before",6.05,4.928
"CHTR","5-3-21","Before",4.11,4.339
"CHTR","8-2-21","Before",5.29,4.809
"CMCSA","10-27-16","Before",0.92,0.917
"CMCSA","1-27-17","Before",3.48,0.867
"CMCSA","4-28-17","Before",0.42,0.4612
"CMCSA","7-28-17","Before",0.52,0.5
"CMCSA","10-27-17","Before",0.52,0.5013
"CMCSA","1-25-18","Before",0.49,0.4906
"CMCSA","4-26-18","Before",0.62,0.6078
"CMCSA","7-27-18","Before",0.65,0.6181
"CMCSA","10-26-18","Before",0.65,0.6367
"CMCSA","1-24-19","Before",0.64,0.6347
"CMCSA","4-26-19","Before",0.76,0.675
"CMCSA","7-26-19","Before",0.78,0.7772
"CMCSA","10-25-19","Before",0.79,0.7721
"CMCSA","1-24-20","Before",0.79,0.7852
"CMCSA","5-1-20","Before",0.71,0.689
"CMCSA","7-31-20","Before",0.69,0.548
"CMCSA","10-30-20","Before",0.65,0.514
"CMCSA","1-29-21","Before",0.56,0.488
"CMCSA","4-30-21","Before",0.76,0.588
"CMCSA","7-30-21","Before",0.84,0.668
"COST","12-8-16","After",1.24,1.193
"COST","3-3-17","After",1.17,1.352
"COST","5-26-17","After",1.59,1.326
"COST","10-6-17","After",2.08,2.0429
"COST","12-15-17","After",1.45,1.3547
"COST","3-8-18","After",1.59,1.475
"COST","6-1-18","After",1.7,1.6978
"COST","10-5-18","After",2.36,2.3615
"COST","12-14-18","After",1.73,1.6459
"COST","3-8-19","After",2.01,1.685
"COST","5-31-19","After",2.05,1.8667
"COST","10-4-19","After",2.47,2.5551
"COST","12-13-19","After",1.9,1.758
"COST","3-6-20","After",2.1,2.1045
"COST","5-29-20","After",1.89,1.912
"COST","9-25-20","After",3.13,2.853
"COST","12-11-20","After",2.62,2.038
"COST","3-5-21","After",2.14,2.422
"COST","5-28-21","After",2.75,2.282
"COST","9-24-21","After",3.76,3.547
"CPRT","11-22-16","After",0.57,0.555
"CPRT","2-22-17","After",0.58,0.577
"CPRT","5-25-17","After",0.37,0.3711
"CPRT","9-20-17","After",0.35,0.3211
"CPRT","11-22-17","After",0.33,0.2655
"CPRT","2-27-18","Before",0.47,0.3907
"CPRT","5-24-18","After",0.52,0.5036
"CPRT","9-20-18","Before",0.42,0.4889
"CPRT","11-21-18","After",0.47,0.4649
"CPRT","2-21-19","After",0.52,0.5075
"CPRT","5-23-19","After",0.66,0.6163
"CPRT","9-5-19","After",0.6,0.5785
"CPRT","11-21-19","After",0.65,0.5989
"CPRT","2-20-20","After",0.65,0.6769
"CPRT","5-21-20","After",0.58,0.635
"CPRT","9-3-20","After",0.69,0.387
"CPRT","11-19-20","After",0.79,0.685
"CPRT","2-19-21","After",0.8,0.793
"CPRT","5-20-21","After",1.09,0.8
"CPRT","9-9-21","After",1.03,0.894
"CRWD","7-19-19","After",-0.47,-1
"CRWD","9-6-19","After",-0.18,-1
"CRWD","12-6-19","After",-0.07,-0.1021
"CRWD","3-20-20","After",-0.02,-0.0601
"CRWD","6-3-20","After",0.02,-0.15
"CRWD","9-3-20","After",0.03,-0.118
"CRWD","12-3-20","After",0.08,-0.153
"CRWD","3-17-21","After",0.13,-0.068
"CRWD","6-4-21","After",0.1,-0.15
"CRWD","9-1-21","After",0.11,-0.137
"CSCO","11-17-16","After",0.61,0.543
"CSCO","2-16-17","After",0.57,0.502
"CSCO","5-18-17","After",0.6,0.5899
"CSCO","8-17-17","After",0.61,0.6241
"CSCO","11-16-17","After",0.61,0.6116
"CSCO","2-15-18","After",0.63,0.6044
"CSCO","5-17-18","After",0.66,0.6639
"CSCO","8-16-18","After",0.7,0.7002
"CSCO","11-15-18","After",0.75,0.7317
"CSCO","2-14-19","After",0.73,0.7435
"CSCO","5-16-19","After",0.78,0.7841
"CSCO","8-15-19","After",0.83,0.8298
"CSCO","11-14-19","After",0.84,0.8263
"CSCO","2-13-20","After",0.77,0.7895
"CSCO","5-14-20","After",0.79,0.634
"CSCO","8-13-20","After",0.8,0.668
"CSCO","11-13-20","After",0.76,0.632
"CSCO","2-10-21","After",0.79,0.68
"CSCO","5-20-21","After",0.83,0.742
"CSCO","8-19-21","After",0.84,0.737
"CSX","10-13-16","After",0.48,0.449
"CSX","1-18-17","After",0.49,0.492
"CSX","4-20-17","After",0.51,0.431
"CSX","7-19-17","After",0.64,0.5972
"CSX","10-18-17","Before",0.51,0.5371
"CSX","1-17-18","After",0.64,0.5717
"CSX","4-18-18","After",0.78,0.673
"CSX","7-18-18","After",1.01,0.8862
"CSX","10-17-18","After",1.05,0.9533
"CSX","1-17-19","After",1.01,1.0437
"CSX","4-17-19","After",1.02,0.9294
"CSX","7-17-19","After",1.08,1.1283
"CSX","10-17-19","After",1.08,1.0498
"CSX","1-17-20","After",0.99,1.0066
"CSX","4-23-20","After",1,0.923
"CSX","7-23-20","After",0.65,0.673
"CSX","10-22-20","After",0.96,0.933
"CSX","1-22-21","After",0.99,0.999
"CSX","4-21-21","After",0.93,0.948
"CSX","7-22-21","After",0.52,0.365
"CTAS","12-23-16","After",1.13,1.158
"CTAS","3-23-17","After",1.08,1.06
"CTAS","7-21-17","After",0.75,1.1053
"CTAS","9-27-17","After",1.48,1.2899
"CTAS","12-22-17","After",1.24,1.2998
"CTAS","3-23-18","After",1.37,1.2665
"CTAS","7-20-18","After",1.68,1.6793
"CTAS","9-26-18","After",1.93,1.823
"CTAS","12-21-18","After",2.18,1.7651
"CTAS","3-22-19","After",1.84,1.7551
"CTAS","7-17-19","After",2.06,1.9719
"CTAS","9-25-19","After",2.32,2.1954
"CTAS","12-18-19","After",2.27,2.0998
"CTAS","3-20-20","After",2.16,2.0663
"CTAS","7-24-20","Before",1.35,1.232
"CTAS","9-24-20","Before",2.78,2.155
"CTAS","12-23-20","Before",2.62,2.182
"CTAS","3-18-21","Before",2.37,2.214
"CTAS","7-16-21","Before",2.47,2.325
"CTAS","9-30-21","Before",3.11,2.76
"CTSH","11-8-16","Before",0.86,0.747
"CTSH","2-9-17","Before",0.87,0.773
"CTSH","5-8-17","Before",0.84,0.8902
"CTSH","8-4-17","Before",0.93,0.9198
"CTSH","11-2-17","Before",0.98,0.9618
"CTSH","2-8-18","Before",1.03,0.9844
"CTSH","5-8-18","Before",1.06,1.0665
"CTSH","8-3-18","Before",1.19,1.1189
"CTSH","10-31-18","Before",1.19,1.1606
"CTSH","2-7-19","Before",1.13,1.0947
"CTSH","5-3-19","After",0.91,1.0724
"CTSH","8-1-19","After",0.94,0.9462
"CTSH","10-31-19","After",1.08,1.0526
"CTSH","2-6-20","After",1.07,1.0622
"CTSH","5-8-20","After",0.96,0.928
"CTSH","7-30-20","After",0.82,0.68
"CTSH","10-29-20","After",0.97,0.901
"CTSH","2-4-21","After",0.67,0.894
"CTSH","5-6-21","After",0.97,0.936
"CTSH","7-29-21","After",0.99,0.962
"DLTR","11-23-16","Before",0.72,0.786
"DLTR","3-2-17","Before",1.36,1.329
"DLTR","5-26-17","Before",0.98,0.9918
"DLTR","8-25-17","Before",0.99,0.8802
"DLTR","11-22-17","Before",1.01,0.933
"DLTR","3-8-18","Before",1.89,1.9165
"DLTR","6-1-18","Before",1.19,1.2392
"DLTR","8-31-18","Before",1.15,1.1766
"DLTR","11-30-18","Before",1.18,1.1563
"DLTR","3-7-19","Before",1.93,1.9337
"DLTR","5-31-19","Before",1.14,1.1352
"DLTR","8-30-19","Before",0.76,0.7389
"DLTR","11-27-19","Before",1.08,1.1277
"DLTR","3-5-20","Before",1.79,1.7593
"DLTR","5-29-20","Before",1.04,0.91
"DLTR","8-28-20","Before",1.1,0.889
"DLTR","11-25-20","Before",1.39,1.149
"DLTR","3-4-21","Before",2.13,2.119
"DLTR","5-28-21","Before",1.6,1.4
"DLTR","8-27-21","Before",1.23,1.026
"DOCU","6-8-18","After",0.01,-1
"DOCU","9-6-18","After",0.03,0.0332
"DOCU","12-7-18","After",0,0.0016
"DOCU","3-15-19","After",0.06,0.0202
"DOCU","6-7-19","After",0.07,0.0591
"DOCU","9-6-19","After",0.01,0.0614
"DOCU","12-6-19","After",0.11,0.0419
"DOCU","3-13-20","After",0.12,0.083
"DOCU","6-5-20","After",0.12,-0.21
"DOCU","9-4-20","After",0.17,-0.213
"DOCU","12-4-20","After",0.22,-0.233
"DOCU","3-12-21","After",0.37,-0.169
"DOCU","6-4-21","After",0.44,-0.114
"DOCU","9-3-21","After",0.47,-0.01
"DXCM","11-2-16","After",-0.22,-0.139
"DXCM","3-1-17","After",-0.09,-0.1
"DXCM","5-3-17","After",-0.49,-0.4691
"DXCM","8-2-17","After",-0.16,-0.2401
"DXCM","11-2-17","After",-0.04,-0.1573
"DXCM","2-28-18","After",-0.11,0.0534
"DXCM","5-3-18","After",-0.32,-0.3011
"DXCM","8-2-18","After",-0.1,-0.1696
"DXCM","11-7-18","After",0.17,-0.0601
"DXCM","2-22-19","After",0.54,0.189
"DXCM","5-2-19","After",-0.05,-0.0719
"DXCM","8-1-19","After",0.08,0.0263
"DXCM","11-7-19","After",0.65,0.235
"DXCM","2-14-20","After",1.15,0.8589
"DXCM","4-29-20","After",0.44,0.105
"DXCM","7-29-20","After",0.79,0.306
"DXCM","10-28-20","After",0.94,0.644
"DXCM","2-12-21","After",0.91,0.912
"DXCM","4-30-21","After",0.33,0.306
"DXCM","7-30-21","After",0.76,0.435
"EA","11-2-16","After",-0.13,0.29
"EA","2-1-17","After",0,2.151
"EA","5-10-17","After",1.81,0.7931
"EA","7-28-17","After",2.06,0.3171
"EA","11-1-17","After",-0.07,0.5797
"EA","1-31-18","After",-0.6,2.2614
"EA","5-9-18","After",1.95,1.1798
"EA","7-27-18","After",0.95,0.1346
"EA","10-31-18","After",0.83,0.6267
"EA","2-6-19","After",0.86,1.9664
"EA","5-8-19","After",0.69,1.0182
"EA","7-31-19","After",4.75,0.0579
"EA","10-30-19","After",2.89,0.9098
"EA","1-31-20","After",1.18,2.5331
"EA","5-6-20","NaN",1.43,0.73
"EA","7-31-20","NaN",1.25,0.593
"EA","11-6-20","After",0.63,-0.286
"EA","2-3-21","After",0.72,2.613
"EA","5-12-21","After",0.26,0.709
"EA","8-5-21","After",0.71,0.273
"EBAY","10-20-16","After",0.45,0.363
"EBAY","1-26-17","After",0.54,0.47
"EBAY","4-20-17","After",0.49,0.398
"EBAY","7-21-17","After",0.45,0.4624
"EBAY","10-19-17","After",0.48,0.4886
"EBAY","2-1-18","After",0.59,0.5923
"EBAY","4-26-18","After",0.53,0.545
"EBAY","7-19-18","After",0.53,0.5278
"EBAY","10-31-18","After",0.56,0.5569
"EBAY","1-30-19","After",0.71,0.6855
"EBAY","4-24-19","After",0.67,0.6441
"EBAY","7-18-19","After",0.68,0.6483
"EBAY","10-24-19","After",0.67,0.6717
"EBAY","1-29-20","After",0.81,0.7634
"EBAY","4-30-20","After",0.77,0.613
"EBAY","7-29-20","After",1.08,0.899
"EBAY","10-29-20","After",0.85,0.701
"EBAY","2-4-21","After",0.86,0.687
"EBAY","4-29-21","After",1.09,0.917
"EBAY","8-12-21","After",0.99,0.833
"EXC","10-27-16","Before",0.91,0.743
"EXC","2-9-17","Before",0.44,0.446
"EXC","5-4-17","Before",0.65,0.6361
"EXC","8-3-17","Before",0.54,0.5347
"EXC","11-3-17","Before",0.85,0.876
"EXC","2-8-18","Before",0.55,0.614
"EXC","5-3-18","Before",0.96,0.9345
"EXC","8-3-18","Before",0.71,0.6314
"EXC","11-2-18","Before",0.88,0.913
"EXC","2-11-19","Before",0.58,0.6259
"EXC","5-3-19","Before",0.87,0.8929
"EXC","8-2-19","Before",0.6,0.6703
"EXC","11-1-19","Before",0.92,0.8769
"EXC","2-12-20","Before",0.83,0.7342
"EXC","5-11-20","Before",0.87,0.85
"EXC","8-5-20","Before",0.55,0.424
"EXC","11-4-20","Before",1.04,0.872
"EXC","2-25-21","Before",0.76,0.714
"EXC","5-6-21","Before",-0.06,0.342
"EXC","8-5-21","Before",0.89,0.703
"FAST","10-12-16","Before",0.44,0.452
"FAST","1-19-17","Before",0.4,0.381
"FAST","4-13-17","Before",0.46,0.46
"FAST","7-13-17","Before",0.52,0.4998
"FAST","10-12-17","Before",0.5,0.517
"FAST","1-18-18","Before",0.53,0.4614
"FAST","4-12-18","Before",0.61,0.6151
"FAST","7-12-18","Before",0.74,0.6663
"FAST","10-11-18","Before",0.69,0.6827
"FAST","1-18-19","Before",0.59,0.6189
"FAST","4-12-19","Before",0.68,0.6609
"FAST","7-12-19","Before",0.36,0.3706
"FAST","10-14-19","Before",0.37,0.372
"FAST","1-21-20","Before",0.31,0.3292
"FAST","4-15-20","Before",0.35,0.3299
"FAST","7-15-20","Before",0.42,0.352
"FAST","10-14-20","Before",0.38,0.376
"FAST","1-21-21","Before",0.34,0.325
"FAST","4-14-21","Before",0.37,0.368
"FAST","7-14-21","Before",0.42,0.411
"FB","11-3-16","After",1.09,0.765
"FB","2-2-17","After",1.41,1.113
"FB","5-4-17","After",1.04,1.3358
"FB","7-27-17","After",1.32,1.2102
"FB","11-2-17","After",1.59,1.3713
"FB","2-1-18","After",2.21,1.9883
"FB","4-26-18","After",1.69,1.4629
"FB","7-26-18","After",1.74,1.8336
"FB","10-31-18","After",1.76,1.5537
"FB","1-31-19","After",2.38,2.1951
"FB","4-25-19","After",0.85,1.7409
"FB","7-25-19","After",1.99,1.9727
"FB","10-31-19","After",2.12,1.9824
"FB","1-30-20","After",2.56,2.6059
"FB","4-30-20","After",1.71,1.722
"FB","7-31-20","After",1.8,1.44
"FB","10-30-20","After",2.71,1.939
"FB","1-28-21","After",3.88,3.236
"FB","4-29-21","After",3.3,2.356
"FB","7-29-21","After",3.61,3.03
"FISV","10-27-16","After",1.14,1.134
"FISV","2-9-17","After",1.16,1.162
"FISV","4-27-17","After",1.25,1.183
"FISV","8-2-17","After",1.19,1.2352
"FISV","11-1-17","After",1.27,1.3076
"FISV","2-8-18","After",1.41,1.3692
"FISV","5-2-18","After",0.76,0.7487
"FISV","8-1-18","After",0.75,0.7504
"FISV","11-1-18","After",0.75,0.7791
"FISV","2-8-19","After",0.84,0.8661
"FISV","5-1-19","After",0.84,0.842
"FISV","7-26-19","After",0.82,0.816
"FISV","11-7-19","After",0.33,1.0163
"FISV","2-5-20","After",1.13,1.1452
"FISV","5-8-20","After",0.99,0.986
"FISV","8-6-20","After",0.93,0.94
"FISV","10-28-20","After",1.2,1.152
"FISV","2-10-21","After",1.3,1.292
"FISV","4-28-21","Before",1.17,1.129
"FISV","7-28-21","NaN",1.37,1.287
"FOX","11-3-16","NaN",0.51,-1
"FOX","2-7-17","After",0.53,0.49
"FOX","5-11-17","After",0.54,-1
"FOX","8-10-17","After",0.36,-1
"FOX","11-9-17","After",0.49,-1
"FOX","2-8-18","After",0.42,-1
"FOX","5-10-18","After",0.49,-1
"FOX","8-9-18","After",0.57,-1
"FOX","11-8-18","Before",0.52,-1
"FOX","2-7-19","Before",0.37,-1
"FOX","5-9-19","After",0.76,-1
"FOX","8-8-19","After",0.62,-1
"FOX","11-7-19","After",0.83,-1
"FOX","2-6-20","After",0.1,-1
"FOX","5-7-20","After",0.93,-1
"FOX","8-5-20","After",0.62,-1
"FOX","11-4-20","Before",1.18,-1
"FOX","2-10-21","Before",0.16,-1
"FOX","5-6-21","After",0.88,-1
"FOX","8-5-21","After",0.65,-1
"FOXA","11-3-16","NaN",0.51,0.435
"FOXA","2-7-17","After",0.53,0.488
"FOXA","5-11-17","After",0.54,0.5012
"FOXA","8-10-17","After",0.36,0.3741
"FOXA","11-9-17","After",0.49,0.5067
"FOXA","2-8-18","After",0.42,0.4268
"FOXA","5-10-18","After",0.49,0.5402
"FOXA","8-9-18","After",0.57,0.5342
"FOXA","11-8-18","Before",0.52,0.5545
"FOXA","2-7-19","Before",0.37,0.338
"FOXA","5-9-19","After",0.76,0.6226
"FOXA","8-8-19","After",0.62,0.6154
"FOXA","11-7-19","After",0.83,0.716
"FOXA","2-6-20","After",0.1,0.025
"FOXA","5-7-20","After",0.93,0.716
"FOXA","8-5-20","After",0.62,0.608
"FOXA","11-4-20","Before",1.18,0.805
"FOXA","2-10-21","Before",0.16,-0.11
"FOXA","5-6-21","After",0.88,0.582
"FOXA","8-5-21","After",0.65,0.562
"GILD","11-2-16","After",2.75,2.744
"GILD","2-8-17","After",2.7,2.306
"GILD","5-3-17","After",2.23,2.3039
"GILD","7-27-17","After",2.56,2.2151
"GILD","10-27-17","After",2.27,2.1375
"GILD","2-7-18","After",1.78,1.7881
"GILD","5-2-18","After",1.48,1.6919
"GILD","7-26-18","After",1.91,1.5772
"GILD","10-26-18","After",1.84,1.7001
"GILD","2-5-19","After",1.44,1.7813
"GILD","5-3-19","After",1.76,1.5953
"GILD","7-31-19","After",1.82,1.7858
"GILD","10-25-19","After",1.75,1.7905
"GILD","2-5-20","After",1.3,1.7
"GILD","5-1-20","After",1.68,1.474
"GILD","7-31-20","After",1.11,1.506
"GILD","10-29-20","After",2.11,1.834
"GILD","2-5-21","After",2.19,2.149
"GILD","4-30-21","After",2.08,2.064
"GILD","7-30-21","After",1.87,1.76
"GOOG","10-28-16","After",9.06,-1
"GOOG","1-27-17","After",9.36,-1
"GOOG","4-28-17","After",7.73,-1
"GOOG","7-25-17","After",8.9,8.2487
"GOOG","10-27-17","After",9.57,8.5775
"GOOG","2-2-18","After",9.7,10.2846
"GOOG","4-24-18","After",9.93,9.3318
"GOOG","7-24-18","After",11.75,9.7765
"GOOG","10-26-18","After",13.06,10.9431
"GOOG","2-5-19","After",12.77,11.4898
"GOOG","4-30-19","After",11.9,10.9701
"GOOG","7-26-19","After",14.21,-1
"GOOG","10-29-19","After",10.12,-1
"GOOG","2-4-20","After",15.35,-1
"GOOG","4-29-20","After",9.87,10.966
"GOOG","7-31-20","After",10.13,8.426
"GOOG","10-30-20","After",16.4,11.395
"GOOG","2-3-21","After",22.3,15.906
"GOOG","4-28-21","After",26.29,15.463
"GOOG","7-28-21","After",27.26,19.893
"GOOGL","10-28-16","After",9.06,6.639
"GOOGL","1-27-17","After",9.36,7.653
"GOOGL","4-28-17","After",7.73,7.7856
"GOOGL","7-25-17","After",8.9,8.2487
"GOOGL","10-27-17","After",9.57,8.5775
"GOOGL","2-2-18","After",9.7,10.2846
"GOOGL","4-24-18","After",9.93,9.3318
"GOOGL","7-24-18","After",11.75,9.7765
"GOOGL","10-26-18","After",13.06,10.9431
"GOOGL","2-5-19","After",12.77,11.4898
"GOOGL","4-30-19","After",11.9,10.9701
"GOOGL","7-26-19","After",14.21,11.8619
"GOOGL","10-29-19","After",10.12,13.0209
"GOOGL","2-4-20","After",15.35,12.9553
"GOOGL","4-29-20","After",9.87,10.966
"GOOGL","7-31-20","After",10.13,8.426
"GOOGL","10-30-20","After",16.4,11.395
"GOOGL","2-3-21","After",22.3,15.906
"GOOGL","4-28-21","After",26.29,15.463
"GOOGL","7-28-21","After",27.26,19.893
"HON","10-24-16","Before",1.67,1.6
"HON","1-30-17","Before",1.74,1.741
"HON","4-24-17","Before",1.71,1.624
"HON","7-24-17","Before",1.8,1.7591
"HON","10-23-17","Before",1.75,1.7613
"HON","1-29-18","Before",1.85,1.8606
"HON","4-23-18","Before",1.95,1.9061
"HON","7-23-18","Before",1.68,2.0334
"HON","10-22-18","Before",2.03,2.0239
"HON","2-4-19","Before",1.91,1.9241
"HON","4-22-19","Before",1.92,1.8523
"HON","7-19-19","Before",2.1,2.0973
"HON","10-18-19","Before",2.08,2.029
"HON","2-3-20","Before",2.06,2.0656
"HON","5-4-20","Before",2.21,1.977
"HON","7-27-20","Before",1.26,1.15
"HON","11-2-20","Before",1.56,1.486
"HON","2-1-21","Before",2.07,1.998
"HON","4-26-21","Before",2.03,1.803
"HON","7-26-21","Before",2.02,1.938
"IDXX","11-2-16","Before",0.62,0.592
"IDXX","2-3-17","Before",0.58,0.505
"IDXX","5-1-17","Before",0.77,0.87
"IDXX","8-2-17","Before",0.95,0.8627
"IDXX","11-1-17","Before",0.79,0.7689
"IDXX","2-2-18","Before",0.43,0.7277
"IDXX","5-7-18","Before",1.01,0.9409
"IDXX","8-2-18","Before",1.23,1.1768
"IDXX","11-2-18","Before",1.05,1.0229
"IDXX","2-4-19","Before",0.98,0.9263
"IDXX","5-2-19","Before",1.17,1.0876
"IDXX","8-2-19","Before",1.43,1.4077
"IDXX","11-1-19","Before",1.24,1.18
"IDXX","2-3-20","Before",1.04,0.9545
"IDXX","5-1-20","Before",1.29,1.225
"IDXX","8-3-20","Before",1.72,1.185
"IDXX","10-30-20","Before",1.69,1.42
"IDXX","2-3-21","Before",2.01,1.43
"IDXX","5-5-21","Before",2.35,1.718
"IDXX","8-2-21","Before",2.34,2.014
"ILMN","11-2-16","After",0.97,0.871
"ILMN","2-1-17","After",0.85,0.808
"ILMN","4-26-17","After",0.64,0.638
"ILMN","8-2-17","After",0.82,0.7209
"ILMN","10-25-17","After",1.11,1.0085
"ILMN","1-31-18","After",1.44,1.2499
"ILMN","4-25-18","After",1.45,1.0831
"ILMN","7-31-18","After",1.43,1.2592
"ILMN","10-24-18","After",1.52,1.343
"ILMN","1-30-19","After",1.32,1.455
"ILMN","4-26-19","After",1.6,1.3892
"ILMN","7-30-19","After",1.35,1.3778
"ILMN","10-25-19","After",1.93,1.4684
"ILMN","1-30-20","After",1.7,1.6363
"ILMN","5-1-20","After",1.64,1.259
"ILMN","8-7-20","After",0.62,0.716
"ILMN","10-30-20","After",1.02,0.769
"ILMN","2-12-21","After",1.22,1.208
"ILMN","4-28-21","After",1.89,1.363
"ILMN","8-6-21","After",1.87,1.363
"INCY","11-2-16","Before",0.19,-0.004
"INCY","2-15-17","Before",0.05,0.144
"INCY","5-5-17","Before",0.96,0.3459
"INCY","8-2-17","Before",-0.06,-0.0241
"INCY","11-1-17","Before",0.17,0.1695
"INCY","2-16-18","Before",-0.71,-0.38
"INCY","5-2-18","Before",-0.01,0.0828
"INCY","8-1-18","Before",0.26,0.2701
"INCY","10-31-18","Before",0.38,0.3954
"INCY","2-15-19","Before",0.4,0.4509
"INCY","5-1-19","Before",0.62,0.3879
"INCY","7-31-19","Before",0.75,0.4804
"INCY","10-30-19","Before",0.82,0.7005
"INCY","2-14-20","Before",0.65,0.6447
"INCY","5-6-20","Before",2.86,0.305
"INCY","8-5-20","Before",1.24,0.68
"INCY","11-6-20","Before",0.23,0.475
"INCY","2-10-21","Before",0.93,0.645
"INCY","5-5-21","Before",0.67,0.42
"INCY","8-4-21","Before",0.8,0.543
"INTC","10-19-16","After",0.8,0.727
"INTC","1-27-17","After",0.79,0.755
"INTC","4-28-17","After",0.66,0.6728
"INTC","7-28-17","After",0.72,0.6926
"INTC","10-27-17","After",1.01,0.8153
"INTC","1-26-18","After",1.08,0.8911
"INTC","4-27-18","After",0.87,0.7652
"INTC","7-27-18","After",1.04,0.9996
"INTC","10-26-18","After",1.4,1.1901
"INTC","1-25-19","After",1.28,1.2608
"INTC","4-26-19","After",0.89,0.913
"INTC","7-26-19","After",1.06,0.9077
"INTC","10-25-19","After",1.42,1.275
"INTC","1-24-20","After",1.52,1.2973
"INTC","4-24-20","After",1.45,1.281
"INTC","7-24-20","After",1.23,1.105
"INTC","10-23-20","After",1.11,1.103
"INTC","1-22-21","After",1.52,1.1
"INTC","4-23-21","After",1.39,1.151
"INTC","7-23-21","After",1.28,1.057
"INTU","11-18-16","After",0.06,-0.173
"INTU","2-24-17","After",0.26,0.06
"INTU","5-24-17","After",3.9,3.9219
"INTU","8-23-17","After",0.2,0.1891
"INTU","11-21-17","After",0.11,0.0631
"INTU","2-23-18","After",0.35,0.3623
"INTU","5-23-18","After",4.82,4.6717
"INTU","8-24-18","After",0.32,0.2628
"INTU","11-20-18","After",0.29,0.153
"INTU","2-22-19","After",1,0.886
"INTU","5-24-19","After",5.55,5.4512
"INTU","8-23-19","After",-0.09,-0.093
"INTU","11-22-19","After",0.41,0.307
"INTU","2-25-20","After",1.16,1.054
"INTU","5-22-20","After",4.49,4.158
"INTU","8-26-20","After",1.81,0.864
"INTU","11-20-20","After",0.94,0.043
"INTU","2-24-21","After",0.68,0.13
"INTU","5-26-21","After",6.07,5.395
"INTU","8-25-21","After",1.97,0.907
"ISRG","10-19-16","After",6.19,4.353
"ISRG","1-25-17","After",6.09,5.263
"ISRG","4-19-17","After",5.09,3.97
"ISRG","7-21-17","After",5.95,5.8416
"ISRG","10-20-17","After",2.77,2.3555
"ISRG","1-26-18","After",2.54,2.356
"ISRG","4-18-18","After",2.44,2.0603
"ISRG","7-20-18","After",2.76,2.5745
"ISRG","10-19-18","After",2.83,2.7732
"ISRG","1-25-19","After",2.96,3.0604
"ISRG","4-22-19","After",2.61,2.7665
"ISRG","7-19-19","After",3.25,2.9134
"ISRG","10-18-19","After",3.43,3.0103
"ISRG","1-24-20","After",3.48,3.3576
"ISRG","4-17-20","After",2.69,2.6589
"ISRG","7-22-20","After",1.11,0.59
"ISRG","10-16-20","After",2.77,1.623
"ISRG","1-22-21","After",3.58,2.567
"ISRG","4-21-21","After",3.52,2.053
"ISRG","7-21-21","After",3.92,2.753
"JD","11-16-16","Before",0.029,-0.06
"JD","3-3-17","Before",0.058,-1
"JD","5-9-17","Before",0.024,0.0631
"JD","8-15-17","Before",0.1,0.1108
"JD","11-14-17","Before",0.104,0.1192
"JD","3-5-18","Before",0.31,0.1321
"JD","5-9-18","Before",0.71,0.1711
"JD","8-17-18","Before",-1,0.1347
"JD","11-20-18","Before",-1,0.0929
"JD","3-1-19","Before",-1,-0.0196
"JD","5-13-19","Before",-1,0.1529
"JD","8-14-19","Before",-1,0.1328
"JD","11-18-19","Before",-1,0.2214
"JD","3-3-20","Before",-1,0.1505
"JD","5-18-20","Before",-1,-0.13
"JD","8-18-20","Before",-1,0.28
"JD","11-17-20","Before",-1,0.355
"JD","3-12-21","Before",-1,0.19
"JD","5-20-21","Before",-1,0.225
"JD","8-24-21","Before",-1,0.32
"KDP","8-9-18","Before",1.3,0.4029
"KDP","11-8-18","After",0.21,0.5234
"KDP","3-1-19","Before",0.3,0.3252
"KDP","5-10-19","Before",0.25,0.2536
"KDP","8-9-19","Before",0.1,0.3032
"KDP","11-8-19","Before",0.32,0.3218
"KDP","2-28-20","Before",0.35,0.3591
"KDP","4-28-20","After",0.29,0.269
"KDP","7-31-20","Before",0.33,0.316
"KDP","10-30-20","Before",0.39,0.37
"KDP","2-26-21","Before",0.39,0.396
"KDP","4-30-21","Before",0.33,0.311
"KDP","7-30-21","Before",0.38,0.37
"KHC","11-4-16","After",0.83,0.761
"KHC","2-16-17","After",0.91,0.868
"KHC","5-4-17","After",0.84,-1
"KHC","8-4-17","After",0.98,-1
"KHC","11-2-17","After",0.83,-1
"KHC","2-20-18","Before",0.9,-1
"KHC","5-3-18","After",0.89,-1
"KHC","8-6-18","Before",1,-1
"KHC","11-2-18","After",0.78,-1
"KHC","2-22-19","After",0.84,-1
"KHC","8-9-19","Before",0.78,-1
"KHC","11-1-19","Before",0.69,-1
"KHC","2-14-20","Before",0.72,-1
"KHC","5-1-20","Before",0.58,0.537
"KHC","7-31-20","Before",0.8,0.632
"KHC","10-30-20","Before",0.7,0.625
"KHC","2-12-21","Before",0.8,0.738
"KHC","4-30-21","Before",0.72,0.596
"KHC","8-5-21","Before",0.78,0.726
"KLAC","10-21-16","After",1.16,1.064
"KLAC","1-27-17","After",1.52,1.405
"KLAC","4-28-17","After",1.62,1.5625
"KLAC","7-28-17","After",1.64,1.6256
"KLAC","10-27-17","After",1.8,1.6822
"KLAC","1-26-18","After",1.97,1.7514
"KLAC","4-27-18","After",2.02,2.0281
"KLAC","7-31-18","After",2.22,2.182
"KLAC","10-30-18","After",2.46,2.2642
"KLAC","1-30-19","After",2.44,2.2525
"KLAC","5-7-19","After",1.8,1.7015
"KLAC","8-6-19","After",1.78,1.8195
"KLAC","10-31-19","After",2.48,2.2544
"KLAC","2-5-20","After",2.66,2.6311
"KLAC","5-6-20","After",2.47,2.353
"KLAC","8-4-20","After",2.73,2.354
"KLAC","10-29-20","After",3.03,2.749
"KLAC","2-4-21","After",3.24,3.179
"KLAC","4-30-21","After",3.85,3.589
"KLAC","7-30-21","After",4.43,3.943
"LRCX","10-20-16","After",1.81,1.77
"LRCX","1-26-17","After",2.24,2.192
"LRCX","4-19-17","After",2.8,2.539
"LRCX","7-27-17","After",3.11,3.0704
"LRCX","10-18-17","After",3.46,3.3027
"LRCX","1-25-18","After",4.34,3.7465
"LRCX","4-18-18","After",4.79,4.483
"LRCX","7-27-18","After",5.31,5.0473
"LRCX","10-17-18","After",3.36,3.3554
"LRCX","1-24-19","After",3.87,3.734
"LRCX","4-25-19","After",3.7,3.4729
"LRCX","8-1-19","After",3.62,3.51
"LRCX","10-24-19","After",3.18,3.1182
"LRCX","1-30-20","After",4.01,3.8759
"LRCX","4-23-20","After",3.98,4.018
"LRCX","7-30-20","After",4.78,4.199
"LRCX","10-22-20","After",5.59,5.167
"LRCX","1-28-21","After",5.96,5.64
"LRCX","4-22-21","After",7.49,6.564
"LRCX","7-29-21","After",8.09,7.526
"LULU","12-8-16","After",0.47,0.433
"LULU","3-30-17","After",1,1.008
"LULU","6-2-17","After",0.32,0.2874
"LULU","9-1-17","After",0.39,0.3635
"LULU","12-7-17","After",0.56,0.5287
"LULU","3-28-18","After",1.33,1.2816
"LULU","6-1-18","After",0.55,0.484
"LULU","8-31-18","After",0.71,0.5299
"LULU","12-7-18","After",0.75,0.7412
"LULU","3-28-19","After",1.85,1.7617
"LULU","6-13-19","After",0.74,0.7459
"LULU","9-6-19","After",0.96,0.9208
"LULU","12-12-19","After",0.96,0.968
"LULU","3-27-20","After",2.28,2.259
"LULU","6-12-20","After",0.22,0.264
"LULU","9-9-20","After",0.74,0.558
"LULU","12-11-20","After",1.16,0.874
"LULU","3-31-21","After",2.58,2.493
"LULU","6-4-21","After",1.16,0.907
"LULU","9-9-21","After",1.65,1.21
"MAR","11-8-16","After",0.91,0.9
"MAR","2-16-17","After",0.85,0.834
"MAR","5-9-17","After",1.01,1.0498
"MAR","8-8-17","After",1.13,1.0467
"MAR","11-8-17","After",1.1,1.0283
"MAR","2-15-18","After",1.12,1.052
"MAR","5-9-18","After",1.34,1.2988
"MAR","8-7-18","After",1.73,1.3905
"MAR","11-6-18","After",1.7,1.3732
"MAR","3-1-19","After",1.44,1.4703
"MAR","5-13-19","Before",1.41,1.391
"MAR","8-6-19","After",1.56,1.6073
"MAR","11-5-19","After",1.47,1.5319
"MAR","2-27-20","After",1.57,1.4813
"MAR","5-12-20","Before",0.26,0.896
"MAR","8-11-20","Before",-0.64,-0.436
"MAR","11-9-20","Before",0.06,-0.071
"MAR","2-19-21","Before",0.12,0.104
"MAR","5-11-21","Before",-0.03,0.032
"MAR","8-4-21","Before",0.79,0.433
"MCHP","11-8-16","After",0.94,0.757
"MCHP","2-8-17","After",1.05,0.813
"MCHP","5-10-17","After",1.16,1.0922
"MCHP","8-4-17","After",1.31,1.2567
"MCHP","11-7-17","After",1.41,1.3935
"MCHP","2-7-18","After",1.36,1.4008
"MCHP","5-9-18","Before",1.4,1.3796
"MCHP","8-10-18","After",1.61,1.5259
"MCHP","11-8-18","After",1.81,1.7606
"MCHP","2-6-19","After",1.66,1.6067
"MCHP","5-8-19","After",1.48,1.4537
"MCHP","8-7-19","After",1.41,1.4252
"MCHP","11-6-19","After",1.43,1.4581
"MCHP","2-5-20","After",1.32,1.2954
"MCHP","5-8-20","After",1.46,1.243
"MCHP","8-5-20","After",1.56,1.32
"MCHP","11-6-20","After",1.56,1.27
"MCHP","2-5-21","NaN",1.62,1.451
"MCHP","5-7-21","After",1.85,1.594
"MCHP","8-4-21","After",1.98,1.756
"MDLZ","10-27-16","Before",0.54,0.431
"MDLZ","2-8-17","After",0.47,0.488
"MDLZ","5-3-17","After",0.53,0.5046
"MDLZ","8-3-17","Before",0.51,0.4785
"MDLZ","10-31-17","After",0.56,0.5501
"MDLZ","2-1-18","After",2.14,0.5666
"MDLZ","5-2-18","After",0.62,0.6223
"MDLZ","7-26-18","After",0.56,0.5513
"MDLZ","10-30-18","After",0.66,0.6208
"MDLZ","1-31-19","After",0.63,0.64
"MDLZ","5-1-19","After",0.65,0.6227
"MDLZ","7-31-19","After",0.57,0.5831
"MDLZ","10-30-19","After",0.64,0.6199
"MDLZ","1-30-20","After",0.61,0.6155
"MDLZ","4-29-20","After",0.69,0.65
"MDLZ","7-29-20","After",0.63,0.557
"MDLZ","11-3-20","After",0.64,0.63
"MDLZ","1-29-21","After",0.67,0.67
"MDLZ","4-28-21","After",0.77,0.692
"MDLZ","7-28-21","After",0.66,0.659
"MELI","11-4-16","After",0.89,0.834
"MELI","2-24-17","After",1.16,0.902
"MELI","5-5-17","After",1.1,0.8875
"MELI","8-4-17","After",0.61,1.0086
"MELI","11-3-17","After",0.63,0.6993
"MELI","2-23-18","After",-1.53,0.5916
"MELI","5-10-18","After",-0.29,0.5048
"MELI","8-9-18","After",-0.25,-0.1964
"MELI","11-2-18","After",-0.23,-0.0329
"MELI","2-27-19","After",-0.05,-0.156
"MELI","5-3-19","After",0.13,-0.0066
"MELI","8-8-19","After",0.31,0.2952
"MELI","11-1-19","After",-2.96,0.0537
"MELI","2-11-20","After",-1.11,-0.4183
"MELI","5-6-20","After",-0.44,-0.432
"MELI","8-11-20","After",1.11,0.098
"MELI","11-5-20","After",0.28,0.084
"MELI","3-2-21","After",-1.02,0.386
"MELI","5-6-21","After",-0.68,0.27
"MELI","8-5-21","After",1.37,0.085
"MNST","11-4-16","After",0.99,1.117
"MNST","3-2-17","After",0.3,0.301
"MNST","5-5-17","After",0.31,0.4032
"MNST","8-9-17","After",0.39,0.4034
"MNST","11-9-17","After",0.38,0.4017
"MNST","3-1-18","After",0.35,0.3797
"MNST","5-9-18","After",0.38,0.3945
"MNST","8-9-18","After",0.48,0.4701
"MNST","11-8-18","After",0.48,0.4723
"MNST","2-28-19","After",0.43,0.4274
"MNST","5-3-19","After",0.48,0.4478
"MNST","8-8-19","After",0.53,0.5779
"MNST","11-8-19","After",0.55,0.5479
"MNST","2-28-20","After",0.47,0.4858
"MNST","5-8-20","After",0.52,0.478
"MNST","8-5-20","After",0.59,0.481
"MNST","11-6-20","After",0.65,0.629
"MNST","2-26-21","After",0.88,0.594
"MNST","5-7-21","After",0.59,0.613
"MNST","8-6-21","After",0.75,0.668
"MRNA","3-7-19","Before",-1,-1
"MRNA","5-9-19","Before",-1,-1
"MRNA","8-8-19","Before",-1,-1
"MRNA","11-7-19","Before",-1,-1
"MRNA","2-27-20","Before",-0.37,-1
"MRNA","5-8-20","Before",-0.35,-0.368
"MRNA","8-6-20","Before",-0.31,-0.36
"MRNA","10-30-20","Before",-0.59,-0.426
"MRNA","2-26-21","Before",-0.69,-0.251
"MRNA","5-7-21","Before",2.84,2.04
"MRNA","8-6-21","Before",6.46,6.014
"MRVL","11-18-16","After",0.2,0.053
"MRVL","3-3-17","After",0.22,0.131
"MRVL","5-26-17","After",0.24,0.2267
"MRVL","8-25-17","After",0.3,0.2816
"MRVL","11-29-17","After",0.34,0.3334
"MRVL","3-9-18","After",0.32,0.3258
"MRVL","6-1-18","After",0.32,0.3261
"MRVL","9-7-18","After",0.28,0.3572
"MRVL","12-6-18","After",0.33,0.3359
"MRVL","3-8-19","After",0.25,0.2851
"MRVL","5-31-19","After",0.16,0.1567
"MRVL","8-30-19","After",0.16,0.1609
"MRVL","12-4-19","After",0.17,0.183
"MRVL","3-5-20","After",0.17,0.1679
"MRVL","5-29-20","After",0.18,0.052
"MRVL","8-28-20","After",0.21,0.102
"MRVL","12-4-20","After",0.25,0.162
"MRVL","3-4-21","After",0.29,0.211
"MRVL","6-8-21","After",0.29,0.188
"MRVL","8-27-21","After",0.34,0.187
"MSFT","10-21-16","After",0.76,0.678
"MSFT","1-27-17","After",0.83,0.788
"MSFT","4-28-17","After",0.73,0.7199
"MSFT","7-21-17","After",0.98,0.7359
"MSFT","10-27-17","After",0.84,0.781
"MSFT","2-1-18","After",0.96,0.8956
"MSFT","4-27-18","After",0.95,0.8915
"MSFT","7-20-18","After",1.13,1.1095
"MSFT","10-25-18","After",1.14,1.0071
"MSFT","1-31-19","After",1.1,1.1279
"MSFT","4-25-19","After",1.14,1.0515
"MSFT","7-19-19","After",1.37,1.2485
"MSFT","10-24-19","After",1.38,1.3064
"MSFT","1-30-20","After",1.51,1.3767
"MSFT","4-30-20","After",1.4,1.273
"MSFT","7-23-20","After",1.46,1.384
"MSFT","10-28-20","After",1.82,1.528
"MSFT","1-27-21","After",2.03,1.637
"MSFT","4-28-21","After",1.95,1.756
"MSFT","7-28-21","After",2.17,1.9
"MTCH","11-2-16","After",0.23,0.16
"MTCH","2-1-17","After",0.29,0.237
"MTCH","5-3-17","After",0.12,0.1455
"MTCH","8-2-17","After",0.16,0.199
"MTCH","11-8-17","After",0.19,0.2242
"MTCH","2-7-18","After",0.18,0.3072
"MTCH","5-9-18","After",0.26,0.2234
"MTCH","8-8-18","After",0.41,0.3663
"MTCH","11-7-18","After",0.39,0.3771
"MTCH","2-7-19","After",0.39,0.4059
"MTCH","5-8-19","After",0.42,0.3502
"MTCH","8-7-19","After",0.43,0.4763
"MTCH","11-6-19","After",0.51,0.4829
"MTCH","2-5-20","After",0.45,0.5235
"MTCH","5-6-20","After",0.55,0.356
"MTCH","8-5-20","After",0.51,0.49
"MTCH","11-5-20","After",0.45,0.455
"MTCH","2-3-21","After",0.48,0.48
"MTCH","5-5-21","After",0.57,0.393
"MTCH","8-4-21","After",0.46,0.493
"MU","12-22-16","After",0.32,0.235
"MU","3-24-17","After",0.9,0.767
"MU","6-30-17","After",1.62,1.5273
"MU","9-27-17","After",2.02,1.8996
"MU","12-20-17","After",2.45,2.2528
"MU","3-23-18","After",2.82,2.83
"MU","6-21-18","After",3.15,3.1912
"MU","9-21-18","After",3.53,3.342
"MU","12-19-18","After",2.97,3.0296
"MU","3-21-19","After",1.71,1.7827
"MU","6-26-19","After",1.05,0.8302
"MU","9-27-19","After",0.56,0.5666
"MU","12-19-19","After",0.48,0.5023
"MU","3-26-20","After",0.45,0.375
"MU","6-30-20","After",0.82,0.713
"MU","9-30-20","After",1.08,0.951
"MU","1-8-21","After",0.78,0.6
"MU","4-1-21","After",0.98,0.873
"MU","7-1-21","After",1.88,1.626
"MU","9-29-21","After",2.42,2.272
"NFLX","10-18-16","After",0.12,0.055
"NFLX","1-19-17","After",0.15,0.133
"NFLX","4-18-17","After",0.4,0.376
"NFLX","7-18-17","After",0.15,0.1866
"NFLX","10-17-17","After",0.29,0.3349
"NFLX","1-23-18","After",0.41,0.4269
"NFLX","4-17-18","After",0.64,0.6472
"NFLX","7-17-18","After",0.85,0.8052
"NFLX","10-17-18","After",0.89,0.709
"NFLX","1-18-19","After",0.3,0.3308
"NFLX","4-17-19","After",0.76,0.5985
"NFLX","7-18-19","After",0.6,0.6129
"NFLX","10-17-19","After",1.47,1.07
"NFLX","1-22-20","After",1.3,0.5756
"NFLX","4-22-20","After",1.57,1.614
"NFLX","7-17-20","After",1.59,1.84
"NFLX","10-21-20","After",1.74,2.129
"NFLX","1-20-21","After",1.19,1.382
"NFLX","4-21-21","After",3.75,2.976
"NFLX","7-21-21","After",2.97,3.161
"NTES","11-10-16","After",3.42,3.09
"NTES","2-16-17","After",4.3,3.63
"NTES","5-11-17","After",4.75,-1
"NTES","8-10-17","After",3.86,-1
"NTES","11-16-17","After",3.43,-1
"NTES","2-8-18","After",2.18,-1
"NTES","5-17-18","After",1.61,-1
"NTES","8-9-18","After",3.15,-1
"NTES","11-15-18","After",2.55,-1
"NTES","2-21-19","After",2.66,-1
"NTES","5-16-19","After",3.48,-1
"NTES","8-8-19","After",4.09,-1
"NTES","11-21-19","After",5.12,-1
"NTES","2-27-20","After",4.03,-1
"NTES","5-20-20","After",4.54,3.51
"NTES","8-14-20","Before",0.23,3.74
"NTES","11-20-20","Before",0.79,0.26
"NTES","2-26-21","Before",0.36,0.265
"NTES","5-19-21","Before",0.23,0.775
"NTES","9-1-21","Before",0.97,0.775
"NVDA","11-11-16","After",0.94,0.567
"NVDA","2-10-17","After",1.13,0.832
"NVDA","5-10-17","After",0.85,0.7551
"NVDA","8-11-17","After",1.01,0.7597
"NVDA","11-10-17","After",1.33,1.0091
"NVDA","2-9-18","After",1.72,1.272
"NVDA","5-11-18","After",2.05,1.7578
"NVDA","8-17-18","After",1.94,1.9338
"NVDA","11-16-18","After",1.84,1.9314
"NVDA","2-15-19","After",0.8,0.9131
"NVDA","5-17-19","After",0.88,0.867
"NVDA","8-16-19","After",1.24,1.155
"NVDA","11-15-19","After",1.78,1.5682
"NVDA","2-14-20","After",1.89,1.6897
"NVDA","5-22-20","After",1.8,1.359
"NVDA","8-20-20","After",2.18,1.625
"NVDA","11-19-20","After",2.91,1.918
"NVDA","2-25-21","After",3.1,2.198
"NVDA","5-27-21","After",3.66,2.616
"NVDA","8-19-21","After",1.04,0.846
"NXPI","10-27-16","After",0.26,1.368
"NXPI","2-2-17","After",0.37,1.414
"NXPI","5-4-17","After",3.79,1.6002
"NXPI","8-3-17","After",0.14,1.5429
"NXPI","10-26-17","After",0.31,1.7161
"NXPI","2-8-18","After",2.17,1.8201
"NXPI","5-3-18","After",0.17,1.7191
"NXPI","7-27-18","Before",0.16,1.6783
"NXPI","11-1-18","After",5.6,1.8714
"NXPI","2-7-19","After",0.94,2.1137
"NXPI","4-30-19","After",-0.07,1.5982
"NXPI","7-30-19","After",0.14,1.7934
"NXPI","10-29-19","After",0.38,2.0012
"NXPI","2-4-20","After",0.4,2.0708
"NXPI","4-28-20","After",-0.08,1.123
"NXPI","7-28-20","After",-0.77,0.486
"NXPI","10-27-20","After",-0.08,1.261
"NXPI","2-2-21","After",1.08,1.791
"NXPI","4-27-21","After",1.25,1.888
"NXPI","8-3-21","After",1.42,1.998
"OKTA","6-8-17","After",-0.5,-1
"OKTA","9-8-17","After",-0.16,-1
"OKTA","12-7-17","After",-0.19,-1
"OKTA","3-8-18","After",-0.1,-1
"OKTA","6-7-18","After",-0.09,-1
"OKTA","9-7-18","After",-0.15,-1
"OKTA","12-6-18","After",-0.04,-0.0801
"OKTA","3-8-19","After",-0.04,-0.0554
"OKTA","5-31-19","After",-0.19,-0.1805
"OKTA","8-29-19","After",-0.05,-0.0936
"OKTA","12-6-19","After",-0.07,-0.0886
"OKTA","3-6-20","After",-0.01,-0.0357
"OKTA","5-29-20","After",-0.07,-0.482
"OKTA","8-28-20","After",0.07,-0.343
"OKTA","12-3-20","After",0.04,-0.384
"OKTA","3-4-21","After",0.06,-0.42
"OKTA","5-27-21","After",-0.1,-0.619
"OKTA","9-2-21","After",0.11,-0.773
"ORLY","10-27-16","After",2.9,2.918
"ORLY","2-8-17","After",2.59,2.54
"ORLY","4-27-17","After",2.83,2.88
"ORLY","7-27-17","After",3.1,2.9436
"ORLY","10-26-17","After",3.22,3.1397
"ORLY","2-8-18","After",3.52,2.8039
"ORLY","4-26-18","After",3.61,3.6196
"ORLY","7-26-18","After",4.28,4.0611
"ORLY","10-25-18","After",4.5,4.3211
"ORLY","2-7-19","After",3.72,3.8503
"ORLY","4-25-19","After",4.05,4.0891
"ORLY","7-25-19","After",4.51,4.6375
"ORLY","10-24-19","After",5.08,4.7708
"ORLY","2-6-20","After",4.25,4.2892
"ORLY","4-23-20","After",3.97,3.863
"ORLY","7-30-20","After",7.1,3.878
"ORLY","10-29-20","After",7.07,6.34
"ORLY","2-11-21","After",5.4,5.119
"ORLY","4-29-21","After",7.06,5.298
"ORLY","7-29-21","After",8.33,7.28
"PAYX","12-22-16","Before",0.56,0.554
"PAYX","3-30-17","Before",0.56,0.538
"PAYX","6-29-17","Before",0.54,0.5365
"PAYX","10-4-17","Before",0.62,0.6155
"PAYX","12-22-17","Before",0.59,0.6033
"PAYX","3-27-18","Before",0.63,0.6131
"PAYX","6-28-18","Before",0.61,0.6199
"PAYX","10-3-18","Before",0.67,0.6632
"PAYX","12-20-18","Before",0.65,0.6423
"PAYX","3-28-19","Before",0.89,0.9017
"PAYX","6-27-19","Before",0.63,0.6648
"PAYX","10-3-19","Before",0.71,0.6971
"PAYX","12-19-19","Before",0.7,0.6908
"PAYX","3-26-20","Before",0.97,0.944
"PAYX","7-8-20","Before",0.61,0.605
"PAYX","10-7-20","Before",0.63,0.556
"PAYX","12-24-20","Before",0.73,0.663
"PAYX","4-7-21","Before",0.96,0.927
"PAYX","6-28-21","Before",0.72,0.672
"PAYX","10-1-21","Before",0.89,0.806
"PCAR","10-26-16","Before",0.98,0.992
"PCAR","2-1-17","Before",0.82,0.87
"PCAR","4-26-17","Before",0.88,0.879
"PCAR","7-26-17","Before",1.06,0.9799
"PCAR","10-25-17","Before",1.14,1.0961
"PCAR","1-31-18","Before",1.18,1.1361
"PCAR","4-25-18","Before",1.45,1.3282
"PCAR","7-25-18","Before",1.59,1.438
"PCAR","10-24-18","Before",1.55,1.5392
"PCAR","1-30-19","Before",1.65,1.6097
"PCAR","5-1-19","Before",1.81,1.7079
"PCAR","7-24-19","Before",1.78,1.8516
"PCAR","10-23-19","Before",1.75,1.6578
"PCAR","1-29-20","Before",1.53,1.5507
"PCAR","4-22-20","Before",1.03,1.213
"PCAR","7-22-20","Before",0.43,0.314
"PCAR","10-21-20","Before",1.11,0.964
"PCAR","1-27-21","Before",1.17,1.24
"PCAR","4-28-21","Before",1.35,1.274
"PCAR","7-28-21","Before",1.41,1.377
"PDD","8-31-18","After",-0.2,-1
"PDD","11-21-18","Before",-0.08,-1
"PDD","3-14-19","Before",-0.24,-1
"PDD","5-21-19","Before",-0.2,-1
"PDD","8-22-19","Before",-0.04,-1
"PDD","11-21-19","Before",-0.2,-1
"PDD","3-12-20","Before",-0.72,-1
"PDD","5-26-20","Before",-2.73,-0.34
"PDD","8-24-20","Before",-0.01,-0.177
"PDD","11-13-20","Before",0.05,-0.243
"PDD","3-18-21","Before",-0.02,-0.14
"PDD","5-27-21","Before",-1.52,-0.68
"PDD","8-25-21","Before",0.44,-0.15
"PEP","2-16-17","Before",1.2,1.16
"PEP","4-27-17","Before",0.94,0.906
"PEP","7-12-17","Before",1.5,1.4177
"PEP","10-5-17","Before",1.48,1.4522
"PEP","2-14-18","Before",1.31,1.325
"PEP","4-27-18","Before",0.96,0.9495
"PEP","7-11-18","Before",1.61,1.5414
"PEP","10-3-18","Before",1.59,1.5902
"PEP","2-19-19","Before",1.49,1.5126
"PEP","4-18-19","Before",0.97,0.9563
"PEP","7-10-19","Before",1.54,1.538
"PEP","10-4-19","Before",1.56,1.5318
"PEP","2-14-20","Before",1.26,1.4639
"PEP","4-29-20","Before",1.07,1.019
"PEP","7-14-20","Before",1.18,1.247
"PEP","10-1-20","After",1.65,1.477
"PEP","2-11-21","After",1.33,1.454
"PEP","4-15-21","After",1.24,1.119
"PEP","7-13-21","After",1.7,1.52
"PEP","10-5-21","After",1.6,1.729
"PTON","11-6-19","Before",-1.29,-0.3483
"PTON","2-6-20","After",-0.2,-0.3279
"PTON","5-7-20","After",-0.2,-0.178
"PTON","9-11-20","After",0.27,0.102
"PTON","11-6-20","After",0.2,0.124
"PTON","2-5-21","After",0.18,0.103
"PTON","5-7-21","After",-0.03,-0.111
"PTON","8-27-21","After",-1.05,-0.455
"PYPL","10-21-16","After",0.35,0.268
"PYPL","1-27-17","After",0.42,0.337
"PYPL","4-27-17","After",0.44,0.329
"PYPL","7-27-17","After",0.46,0.4363
"PYPL","10-20-17","After",0.46,0.4658
"PYPL","2-1-18","After",0.55,0.5374
"PYPL","4-26-18","After",0.57,0.5593
"PYPL","7-26-18","After",0.58,0.5842
"PYPL","10-19-18","After",0.58,0.5639
"PYPL","1-31-19","After",0.69,0.6877
"PYPL","4-25-19","After",0.78,0.6969
"PYPL","7-25-19","After",0.86,0.7732
"PYPL","10-24-19","After",0.76,0.7354
"PYPL","1-30-20","After",0.86,0.8612
"PYPL","5-7-20","After",0.66,0.56
"PYPL","7-30-20","After",1.07,0.605
"PYPL","11-3-20","After",1.07,0.686
"PYPL","2-4-21","After",1.08,0.735
"PYPL","5-6-21","After",1.22,0.726
"PYPL","7-29-21","After",1.15,0.838
"QCOM","11-3-16","After",1.28,0.978
"QCOM","1-26-17","After",1.19,1.056
"QCOM","4-20-17","After",1.34,1.048
"QCOM","7-20-17","After",0.83,0.8773
"QCOM","11-2-17","After",0.92,0.8418
"QCOM","2-1-18","After",0.98,0.9291
"QCOM","4-26-18","After",0.8,0.7491
"QCOM","7-26-18","After",1.01,0.7516
"QCOM","11-8-18","After",0.9,0.8924
"QCOM","1-31-19","After",1.2,1.1043
"QCOM","5-2-19","After",0.77,0.7704
"QCOM","8-1-19","After",0.8,0.8023
"QCOM","11-7-19","After",0.78,0.7406
"QCOM","2-6-20","After",0.99,0.9002
"QCOM","4-30-20","After",0.88,0.648
"QCOM","7-30-20","After",0.86,0.565
"QCOM","11-5-20","After",1.45,1.018
"QCOM","2-4-21","After",2.17,1.866
"QCOM","4-29-21","After",1.9,1.41
"QCOM","7-29-21","After",1.92,1.396
"REGN","11-7-16","Before",3.13,2.265
"REGN","2-10-17","Before",3.04,2.505
"REGN","5-5-17","Before",2.92,3.2629
"REGN","8-4-17","Before",4.17,3.1932
"REGN","11-9-17","Before",3.99,3.9533
"REGN","2-9-18","Before",5.23,4.4672
"REGN","5-4-18","Before",4.7,4.6805
"REGN","8-3-18","Before",5.45,4.8205
"REGN","11-7-18","Before",5.87,5.343
"REGN","2-7-19","Before",6.84,5.8587
"REGN","5-8-19","Before",4.45,5.8149
"REGN","8-7-19","Before",6.02,5.3687
"REGN","11-6-19","Before",6.67,6.4993
"REGN","2-7-20","Before",7.5,7.0149
"REGN","5-6-20","Before",6.6,4.89
"REGN","8-6-20","Before",7.16,5.59
"REGN","11-6-20","Before",8.36,9.52
"REGN","2-8-21","Before",9.53,7.11
"REGN","5-7-21","Before",9.89,7.78
"REGN","8-6-21","Before",25.8,8.81
"ROST","11-18-16","After",0.62,0.557
"ROST","3-1-17","After",0.77,0.752
"ROST","5-19-17","After",0.82,0.8045
"ROST","8-18-17","After",0.82,0.7702
"ROST","11-17-17","After",0.72,0.6873
"ROST","3-7-18","After",1.19,0.9446
"ROST","5-25-18","After",1.11,1.09
"ROST","8-24-18","After",1.04,1.0437
"ROST","11-21-18","Before",0.91,0.9229
"ROST","3-6-19","After",1.2,1.1519
"ROST","5-24-19","After",1.15,1.1418
"ROST","8-23-19","After",1.14,1.1365
"ROST","11-22-19","After",1.03,0.9856
"ROST","3-4-20","After",1.28,1.2754
"ROST","5-22-20","After",-0.87,-0.008
"ROST","8-21-20","After",0.06,-0.308
"ROST","11-20-20","After",0.37,0.629
"ROST","3-3-21","After",0.67,1.034
"ROST","5-21-21","After",1.34,0.903
"ROST","8-20-21","After",1.39,1.003
"SBUX","11-4-16","After",0.56,0.547
"SBUX","1-27-17","After",0.52,0.52
"SBUX","4-28-17","After",0.45,0.4622
"SBUX","7-28-17","After",0.55,0.559
"SBUX","11-3-17","After",0.55,0.5569
"SBUX","1-26-18","After",0.65,0.5762
"SBUX","4-27-18","After",0.53,0.5354
"SBUX","7-27-18","After",0.62,0.6099
"SBUX","11-2-18","After",0.62,0.6107
"SBUX","1-25-19","After",0.75,0.6588
"SBUX","4-26-19","After",0.6,0.5937
"SBUX","7-26-19","After",0.78,0.7433
"SBUX","10-31-19","After",0.7,0.7288
"SBUX","1-29-20","After",0.79,0.775
"SBUX","4-29-20","After",0.32,0.314
"SBUX","7-29-20","After",-0.46,-0.608
"SBUX","10-30-20","After",0.51,0.327
"SBUX","1-27-21","After",0.61,0.55
"SBUX","4-28-21","After",0.62,0.517
"SBUX","7-28-21","After",1.01,0.771
"SGEN","10-28-16","After",-0.23,-0.289
"SGEN","2-10-17","After",-0.39,-0.34
"SGEN","4-28-17","After",-0.42,-0.398
"SGEN","7-28-17","After",-0.39,-0.4167
"SGEN","10-27-17","After",0.34,-0.4117
"SGEN","2-7-18","After",-0.41,-0.417
"SGEN","4-27-18","After",-0.73,-0.404
"SGEN","7-27-18","After",0.47,-0.3687
"SGEN","10-26-18","After",-0.42,-0.2651
"SGEN","2-8-19","After",-0.75,-0.3402
"SGEN","4-26-19","After",-0.08,-0.2931
"SGEN","7-17-19","After",-0.49,-0.3145
"SGEN","10-30-19","After",-0.55,-0.3777
"SGEN","2-7-20","After",0.14,-0.457
"SGEN","5-1-20","After",-0.98,-0.806
"SGEN","7-31-20","After",-0.12,-0.579
"SGEN","10-30-20","After",3.5,-0.076
"SGEN","2-12-21","After",0.9,0.806
"SGEN","4-30-21","After",-0.67,-0.593
"SGEN","7-30-21","After",-0.47,-0.614
"SIRI","10-28-16","Before",0.04,0.04
"SIRI","2-3-17","Before",0.04,0.041
"SIRI","4-28-17","Before",0.04,0.0448
"SIRI","7-28-17","Before",0.04,0.0407
"SIRI","10-26-17","Before",0.06,0.0432
"SIRI","2-1-18","Before",-0.01,0.0559
"SIRI","4-26-18","Before",0.06,0.0531
"SIRI","7-26-18","Before",0.06,0.0622
"SIRI","10-25-18","Before",0.07,0.0641
"SIRI","1-31-19","Before",0.06,0.0674
"SIRI","4-25-19","Before",0.03,0.0584
"SIRI","7-31-19","Before",0.06,0.0566
"SIRI","11-1-19","Before",0.05,0.0629
"SIRI","2-5-20","Before",0.05,0.0605
"SIRI","4-29-20","Before",0.07,0.05
"SIRI","7-31-20","Before",0.05,0.054
"SIRI","10-23-20","Before",0.06,0.056
"SIRI","2-3-21","Before",-0.16,0.05
"SIRI","4-29-21","Before",0.07,0.062
"SIRI","7-28-21","Before",0.1,0.066
"SNPS","12-1-16","After",0.77,0.46
"SNPS","2-16-17","After",0.94,0.48
"SNPS","5-18-17","After",0.88,0.8909
"SNPS","8-17-17","After",0.92,0.9383
"SNPS","11-30-17","After",0.69,0.5969
"SNPS","2-22-18","After",1.1,1.0129
"SNPS","5-24-18","After",1.08,1.1044
"SNPS","8-23-18","After",0.95,0.933
"SNPS","12-6-18","After",0.78,0.8047
"SNPS","2-21-19","After",1.08,0.9907
"SNPS","5-23-19","After",1.16,1.1098
"SNPS","8-22-19","After",1.18,1.1306
"SNPS","12-5-19","After",1.15,1.1654
"SNPS","2-20-20","After",1.01,0.9701
"SNPS","5-21-20","After",1.22,0.545
"SNPS","8-20-20","After",1.74,1.015
"SNPS","12-3-20","After",1.58,1.145
"SNPS","2-18-21","After",1.52,1.07
"SNPS","5-20-21","After",1.7,1.005
"SNPS","8-19-21","After",1.81,1.335
"SPLK","11-30-16","After",0.12,-0.57
"SPLK","2-24-17","After",0.25,-0.567
"SPLK","5-26-17","After",-0.01,-0.0187
"SPLK","8-25-17","After",0.08,0.0776
"SPLK","11-17-17","After",0.17,0.1644
"SPLK","3-2-18","After",0.37,0.3614
"SPLK","5-25-18","After",-0.07,-0.0507
"SPLK","8-24-18","After",0.08,0.0766
"SPLK","11-30-18","After",0.38,0.3409
"SPLK","3-1-19","After",0.93,0.7855
"SPLK","5-24-19","After",0.02,-0.0891
"SPLK","8-22-19","After",0.3,0.1546
"SPLK","11-22-19","After",0.58,0.5923
"SPLK","3-5-20","After",0.96,1.0182
"SPLK","5-22-20","After",-0.56,-1.302
"SPLK","8-27-20","After",-0.33,-1.123
"SPLK","12-3-20","After",-0.07,-0.625
"SPLK","3-4-21","After",0.38,-0.743
"SPLK","6-3-21","After",-0.91,-1.66
"SPLK","8-26-21","After",-0.62,-1.6
"SWKS","11-4-16","After",1.47,1.333
"SWKS","1-20-17","After",1.61,1.482
"SWKS","4-28-17","After",1.45,1.4179
"SWKS","7-21-17","After",1.57,1.5356
"SWKS","11-7-17","After",1.82,1.781
"SWKS","2-6-18","After",2,1.9397
"SWKS","5-4-18","After",1.64,1.6444
"SWKS","7-20-18","After",1.64,1.6273
"SWKS","11-9-18","After",1.94,1.942
"SWKS","2-6-19","After",1.83,1.8737
"SWKS","5-3-19","After",1.47,1.4661
"SWKS","8-8-19","After",1.35,1.4182
"SWKS","11-13-19","After",1.52,1.5286
"SWKS","1-24-20","After",1.68,1.6732
"SWKS","5-5-20","After",1.34,1.19
"SWKS","7-24-20","After",1.25,0.921
"SWKS","11-3-20","After",1.85,1.303
"SWKS","1-29-21","After",3.36,1.833
"SWKS","4-30-21","After",2.37,2.084
"SWKS","7-30-21","After",2.15,1.853
"TCOM","11-14-19","After",-1,0.356
"TCOM","3-19-20","After",-1,0.1531
"TCOM","5-29-20","After",-1,-0.62
"TCOM","9-25-20","After",-1,-0.52
"TCOM","12-2-20","After",-1,0.035
"TCOM","3-4-21","After",-1,-0.145
"TCOM","5-19-21","After",-1,-0.465
"TCOM","9-24-21","After",-1,-0.04
"TEAM","10-28-16","After",0.1,-0.035
"TEAM","1-20-17","After",0.09,-0.024
"TEAM","4-28-17","After",0.08,0.0719
"TEAM","7-28-17","After",0.09,0.0869
"TEAM","10-20-17","After",0.12,0.0999
"TEAM","1-19-18","After",0.13,0.1339
"TEAM","4-20-18","After",0.1,0.0998
"TEAM","7-27-18","After",0.13,0.1322
"TEAM","10-19-18","After",0.2,0.2011
"TEAM","1-18-19","After",0.25,0.2199
"TEAM","4-18-19","After",0.21,0.198
"TEAM","7-26-19","After",0.2,0.1775
"TEAM","10-18-19","After",0.28,0.2589
"TEAM","1-24-20","After",0.37,0.293
"TEAM","5-1-20","After",0.25,-0.061
"TEAM","7-31-20","After",0.25,-0.066
"TEAM","10-30-20","After",0.3,0.02
"TEAM","1-29-21","After",0.37,0.031
"TEAM","4-30-21","After",0.48,0
"TEAM","7-30-21","After",0.24,-0.087
"TMUS","10-25-16","Before",0.42,0.221
"TMUS","2-15-17","Before",0.45,0.296
"TMUS","4-25-17","After",0.8,0.349
"TMUS","7-20-17","After",0.67,0.3951
"TMUS","10-24-17","Before",0.63,0.4877
"TMUS","2-9-18","Before",3.11,0.5179
"TMUS","5-2-18","After",0.78,0.758
"TMUS","8-2-18","After",0.92,0.9115
"TMUS","10-31-18","After",0.93,0.8998
"TMUS","2-8-19","Before",0.75,0.7373
"TMUS","4-26-19","After",1.06,0.9939
"TMUS","7-26-19","After",1.09,1.0426
"TMUS","10-29-19","After",1.01,1.0387
"TMUS","2-7-20","After",0.87,0.8834
"TMUS","5-7-20","After",1.1,0.896
"TMUS","8-7-20","After",0.09,0.11
"TMUS","11-6-20","After",1,0.508
"TMUS","2-5-21","After",0.6,0.513
"TMUS","5-5-21","After",0.74,0.551
"TMUS","7-30-21","After",0.78,0.519
"TSLA","10-27-16","After",0.71,-0.825
"TSLA","2-23-17","After",-0.69,-1.19
"TSLA","5-4-17","After",-1.33,-0.1411
"TSLA","8-3-17","After",-1.33,-1.8147
"TSLA","11-2-17","After",-2.92,-2.2525
"TSLA","2-8-18","After",-3.04,-3.0957
"TSLA","5-3-18","After",-3.35,-3.2569
"TSLA","8-2-18","After",-3.06,-2.7368
"TSLA","10-25-18","After",2.9,-0.1464
"TSLA","1-31-19","After",1.93,2.0169
"TSLA","4-25-19","After",-2.9,-0.7541
"TSLA","7-25-19","After",-1.12,-0.3124
"TSLA","10-24-19","After",1.86,-0.2549
"TSLA","1-30-20","After",2.14,1.8174
"TSLA","4-30-20","After",1.24,-1.572
"TSLA","7-23-20","After",2.18,-2.35
"TSLA","10-22-20","After",0.76,0.217
"TSLA","1-28-21","After",0.8,0.634
"TSLA","4-27-21","After",0.93,0.438
"TSLA","7-27-21","After",1.45,0.522
"TXN","10-27-16","After",0.94,0.86
"TXN","1-25-17","After",1.02,0.814
"TXN","4-26-17","After",0.97,0.829
"TXN","7-26-17","After",1.03,0.9739
"TXN","10-25-17","After",1.26,1.1527
"TXN","1-24-18","After",0.34,1.1443
"TXN","4-25-18","After",1.21,1.1374
"TXN","7-25-18","After",1.4,1.3518
"TXN","10-24-18","After",1.58,1.5571
"TXN","1-24-19","After",1.27,1.2701
"TXN","4-24-19","After",1.26,1.1575
"TXN","7-24-19","After",1.36,1.2507
"TXN","10-23-19","After",1.49,1.4507
"TXN","1-23-20","After",1.11,1.0493
"TXN","4-22-20","After",1.24,1.008
"TXN","7-22-20","After",1.48,0.875
"TXN","10-21-20","After",1.45,1.258
"TXN","1-27-21","After",1.8,1.345
"TXN","4-28-21","After",1.87,1.564
"TXN","7-22-21","After",2.05,1.818
"VRSK","11-2-16","After",0.84,0.748
"VRSK","2-22-17","After",0.8,0.773
"VRSK","5-3-17","After",0.74,0.8006
"VRSK","8-2-17","After",0.82,0.7662
"VRSK","11-1-17","After",0.84,0.7995
"VRSK","2-21-18","After",1.34,0.795
"VRSK","5-2-18","After",0.94,0.9586
"VRSK","8-1-18","After",1.06,1.0267
"VRSK","10-31-18","After",1.08,1.1056
"VRSK","2-20-19","After",1.04,1.077
"VRSK","5-1-19","After",1.03,1.0498
"VRSK","7-31-19","After",1.1,1.127
"VRSK","10-30-19","After",1.12,1.1471
"VRSK","2-19-20","After",1.13,1.13
"VRSK","5-6-20","After",1.17,1.138
"VRSK","8-5-20","After",1.29,1.18
"VRSK","11-5-20","After",1.32,1.205
"VRSK","2-24-21","After",1.27,1.308
"VRSK","5-5-21","After",1.23,1.247
"VRSK","8-4-21","After",1.17,1.342
"VRSN","10-28-16","After",0.93,0.785
"VRSN","2-10-17","After",0.92,0.79
"VRSN","4-28-17","After",0.96,0.963
"VRSN","7-28-17","After",1.05,0.9937
"VRSN","10-27-17","After",1,1.0087
"VRSN","2-9-18","After",0.96,0.9909
"VRSN","4-27-18","After",1.07,1.0618
"VRSN","7-27-18","After",1.18,1.1507
"VRSN","10-26-18","After",1.23,1.1978
"VRSN","2-8-19","After",1.58,1.2346
"VRSN","4-26-19","After",1.31,1.2995
"VRSN","7-26-19","After",1.33,1.3105
"VRSN","10-25-19","After",1.36,1.3398
"VRSN","2-7-20","After",1.31,1.3752
"VRSN","4-24-20","After",2.86,1.21
"VRSN","7-24-20","After",1.32,1.235
"VRSN","10-23-20","After",1.49,1.255
"VRSN","2-12-21","After",1.38,1.29
"VRSN","4-23-21","After",1.33,1.29
"VRSN","7-23-21","After",1.31,1.32
"VRTX","10-26-16","After",0.16,-0.061
"VRTX","1-26-17","After",0.35,-0.007
"VRTX","4-28-17","After",0.41,0.3156
"VRTX","7-27-17","After",0.39,0.3475
"VRTX","10-26-17","After",0.53,0.374
"VRTX","2-1-18","After",0.61,0.6007
"VRTX","4-27-18","After",0.76,0.6102
"VRTX","7-26-18","After",0.94,0.7728
"VRTX","10-25-18","After",1.09,1.0356
"VRTX","2-6-19","After",1.3,1.1103
"VRTX","5-1-19","After",1.14,1.0314
"VRTX","8-1-19","After",1.26,1.1136
"VRTX","10-31-19","After",1.23,1.2101
"VRTX","1-31-20","After",1.7,1.2795
"VRTX","4-30-20","After",2.56,1.56
"VRTX","7-31-20","After",2.61,1.75
"VRTX","10-30-20","After",2.64,2.015
"VRTX","2-2-21","After",2.51,2.329
"VRTX","4-30-21","After",2.98,2.38
"VRTX","7-30-21","After",3.11,2.249
"WBA","10-21-16","Before",1.07,0.988
"WBA","1-6-17","Before",1.1,1.092
"WBA","4-6-17","Before",1.36,1.355
"WBA","6-30-17","Before",1.33,1.311
"WBA","10-26-17","Before",1.31,1.23
"WBA","1-5-18","Before",1.28,1.296
"WBA","3-29-18","Before",1.73,1.5542
"WBA","6-29-18","Before",1.53,1.5094
"WBA","10-12-18","Before",1.48,1.4707
"WBA","12-21-18","Before",1.46,1.4564
"WBA","4-3-19","Before",1.64,1.7317
"WBA","6-28-19","Before",1.47,1.4603
"WBA","10-29-19","Before",1.43,1.4509
"WBA","1-9-20","Before",1.37,1.416
"WBA","4-3-20","Before",1.52,1.4795
"WBA","7-10-20","Before",0.83,1.103
"WBA","10-16-20","Before",1.02,0.961
"WBA","1-8-21","Before",1.22,1.02
"WBA","4-1-21","Before",1.4,1.103
"WBA","7-2-21","Before",1.51,1.114
"WDAY","12-2-16","After",0.03,-0.509
"WDAY","2-28-17","After",0.07,-0.498
"WDAY","6-2-17","After",0.29,0.1692
"WDAY","8-31-17","After",0.24,0.1703
"WDAY","11-30-17","After",0.24,0.1915
"WDAY","2-28-18","After",0.28,0.2525
"WDAY","6-1-18","After",0.33,0.3015
"WDAY","9-5-18","After",0.31,0.3005
"WDAY","11-30-18","After",0.31,0.1991
"WDAY","3-1-19","After",0.41,0.3524
"WDAY","5-29-19","After",0.43,0.4423
"WDAY","8-30-19","After",0.44,0.3939
"WDAY","12-4-19","After",0.53,0.4216
"WDAY","2-28-20","After",0.5,0.4748
"WDAY","5-28-20","After",0.44,-0.272
"WDAY","8-28-20","After",0.84,-0.122
"WDAY","11-20-20","After",0.86,-0.154
"WDAY","2-26-21","After",0.73,-0.266
"WDAY","5-27-21","After",0.87,-0.113
"WDAY","8-27-21","After",1.23,-0.09
"XEL","10-28-16","Before",0.9,0.874
"XEL","2-3-17","Before",0.45,0.443
"XEL","4-28-17","Before",0.47,0.4952
"XEL","7-28-17","Before",0.45,0.4183
"XEL","10-27-17","Before",0.97,0.9425
"XEL","2-8-18","Before",0.42,0.44
"XEL","4-27-18","Before",0.57,0.5039
"XEL","7-27-18","Before",0.52,0.4879
"XEL","10-26-18","Before",0.96,0.9865
"XEL","2-1-19","Before",0.42,0.44
"XEL","4-26-19","Before",0.61,0.6216
"XEL","8-2-19","Before",0.46,0.5414
"XEL","10-25-19","Before",1.01,1.0334
"XEL","1-31-20","Before",0.56,0.526
"XEL","5-8-20","Before",0.56,0.588
"XEL","7-31-20","Before",0.54,0.463
"XEL","10-30-20","Before",1.14,1.075
"XEL","1-29-21","Before",0.54,0.54
"XEL","4-30-21","Before",0.67,0.608
"XEL","7-30-21","Before",0.58,0.558
"XLNX","10-20-16","After",0.61,0.544
"XLNX","1-26-17","After",0.52,0.489
"XLNX","4-27-17","After",0.57,0.544
"XLNX","7-27-17","After",0.63,0.6172
"XLNX","10-26-17","After",0.65,0.6395
"XLNX","1-25-18","After",0.05,0.6556
"XLNX","4-26-18","After",0.64,0.7236
"XLNX","7-26-18","After",0.74,0.7606
"XLNX","10-25-18","After",0.87,0.7709
"XLNX","1-24-19","After",0.92,0.8768
"XLNX","4-25-19","After",0.94,0.985
"XLNX","7-25-19","After",0.97,0.9704
"XLNX","10-24-19","After",0.94,0.9531
"XLNX","1-29-20","After",0.68,0.7159
"XLNX","4-23-20","After",0.78,0.757
"XLNX","7-31-20","After",0.65,0.634
"XLNX","10-22-20","After",0.82,0.76
"XLNX","1-28-21","After",0.78,0.711
"XLNX","5-5-21","After",0.82,0.75
"XLNX","7-29-21","After",0.95,0.822
"ZM","6-7-19","After",0.03,0.0134
"ZM","9-6-19","After",0.08,0.0226
"ZM","12-6-19","After",0.09,0.0595
"ZM","3-5-20","After",0.15,0.0943
"ZM","6-3-20","After",0.2,0.013
"ZM","9-1-20","After",0.92,0.341
"ZM","12-1-20","After",0.99,0.569
"ZM","3-2-21","After",1.22,0.509
"ZM","6-2-21","After",1.32,0.624
"ZM","8-31-21","After",1.36,0.817
